ClientAccountID,AccountAlias,Model,CurrencyPrimary,FXRateToBase,AssetClass,Symbol,Description,Conid,SecurityID,SecurityIDType,CUSIP,ISIN,ListingExchange,UnderlyingConid,UnderlyingSymbol,UnderlyingSecurityID,UnderlyingListingExchange,Issuer,Multiplier,Strike,Expiry,TradeID,Put/Call,ReportDate,PrincipalAdjustFactor,DateTime,TradeDate,SettleDateTarget,TransactionType,Exchange,Quantity,TradePrice,TradeMoney,Proceeds,Taxes,IBCommission,IBCommissionCurrency,NetCash,ClosePrice,Open/CloseIndicator,Notes/Codes,CostBasis,FifoPnlRealized,FxPnl,MtmPnl,OrigTradePrice,OrigTradeDate,OrigTradeID,OrigOrderID,ClearingFirmID,TransactionID,Buy/Sell,IBOrderID,IBExecID,BrokerageOrderID,OrderReference,VolatilityOrderLink,ExchOrderID,ExtExecID,OrderTime,OpenDateTime,HoldingPeriodDateTime,WhenRealized,WhenReopened,LevelOfDetail,ChangeInPrice,ChangeInQuantity,OrderType,TraderID,IsAPIOrder,AccruedInterest
U0001429,Portfolio1,,USD,0.88165,STK,AM,ANTERO MIDSTREAM CORP,355947671,US03676B1026,ISIN,03676B102,US03676B1026,NYSE,,,,,,1,,,323656871,,2022-01-19,,2022-01-19 10:21:34,2022-01-19,2022-01-21,ExchTrade,IEX,-200,10.3,-2060,2060,0,-1.036506,USD,2058.963494,10.38,C,P,-1431.3,627.663494,0,-16,0,,,0,,867311397,SELL,289477821,000154a9.61e81b6a.01.01,007d1c69.00022db7.61dd1982.0001,,,,MTCH050386000003vV,2022-01-11 17:56:03,,,,,EXECUTION,0,0,LMT,,N,0
U0001429,Portfolio1,,USD,0.88165,STK,AM,ANTERO MIDSTREAM CORP,355947671,US03676B1026,ISIN,03676B102,US03676B1026,NYSE,,,,,,1,,,323656892,,2022-01-19,,2022-01-19 10:21:34,2022-01-19,2022-01-21,ExchTrade,ISLAND,-100,10.29,-1029,1029,0,-0.5182479,USD,1028.4817521,10.38,C,P,-715.65,312.831752,0,-9,0,,,0,,867311407,SELL,289477821,00013d66.61e80164.01.01,007d1c69.00022db7.61dd1982.0001,,,,0322696342,2022-01-11 17:56:03,,,,,EXECUTION,0,0,LMT,,N,0
U0001429,Portfolio1,,USD,0.88165,STK,AM,ANTERO MIDSTREAM CORP,355947671,US03676B1026,ISIN,03676B102,US03676B1026,NYSE,,,,,,1,,,323656913,,2022-01-19,,2022-01-19 10:21:34,2022-01-19,2022-01-21,ExchTrade,ISLAND,-100,10.29,-1029,1029,0,-0.5182479,USD,1028.4817521,10.38,C,P,-715.65,312.831752,0,-9,0,,,0,,867311425,SELL,289477821,00013d66.61e80162.01.01,007d1c69.00022db7.61dd1982.0001,,,,0322696322,2022-01-11 17:56:03,,,,,EXECUTION,0,0,LMT,,N,0
U0001429,Portfolio1,,USD,0.88165,STK,AM,ANTERO MIDSTREAM CORP,355947671,US03676B1026,ISIN,03676B102,US03676B1026,NYSE,,,,,,1,,,323656931,,2022-01-19,,2022-01-19 10:21:34,2022-01-19,2022-01-21,ExchTrade,ISLAND,-100,10.29,-1029,1029,0,-0.5182479,USD,1028.4817521,10.38,C,P,-715.65,312.831752,0,-9,0,,,0,,867311435,SELL,289477821,00013d66.61e80163.01.01,007d1c69.00022db7.61dd1982.0001,,,,0322696332,2022-01-11 17:56:03,,,,,EXECUTION,0,0,LMT,,N,0
U0001429,Portfolio1,,USD,0.88285,STK,CNQ,CANADIAN NATURAL RESOURCES,11926119,CA1363851017,ISIN,136385101,CA1363851017,NYSE,,,,,,1,,,322851903,,2022-01-18,,2022-01-18 10:53:08,2022-01-18,2022-01-20,ExchTrade,IEX,-100,53.245,-5324.5,5324.5,0,-1.04015495,USD,5323.45984505,52.78,C,,-2362,2961.459845,0,46.5,0,,,0,,863980980,SELL,288798282,000154a9.61e6db32.01.01,007d1c69.00022db7.61e65162.0001,,,,MTCH0900LI00000O9a,2022-01-18 10:53:08,,,,,EXECUTION,0,0,LMT,,N,0
U0008402,Portfolio2,,USD,0.88165,STK,AM,ANTERO MIDSTREAM CORP,355947671,US03676B1026,ISIN,03676B102,US03676B1026,NYSE,,,,,,1,,,323656860,,2022-01-19,,2022-01-19 10:21:34,2022-01-19,2022-01-21,ExchTrade,IEX,-90,10.3,-927,927,0,-1.0164277,USD,925.9835723,10.38,C,P,-228.536732,697.44684,0,-7.2,0,,,0,,867311386,SELL,289477814,000154a9.61e81b6c.01.01,007d1c69.00022db7.61dd197e.0001,,,,MTCH050386000003vc,2022-01-11 17:40:40,,,,,EXECUTION,0,0,LMT,,N,0
U0008402,Portfolio2,,USD,0.88165,STK,AM,ANTERO MIDSTREAM CORP,355947671,US03676B1026,ISIN,03676B102,US03676B1026,NYSE,,,,,,1,,,323656872,,2022-01-19,,2022-01-19 10:21:34,2022-01-19,2022-01-21,ExchTrade,ISLAND,-100,10.29,-1029,1029,0,-0.0182479,USD,1028.9817521,10.38,C,P,-253.435451,775.546301,0,-9,0,,,0,,867311403,SELL,289477814,00013d66.61e80165.01.01,007d1c69.00022db7.61dd197e.0001,,,,0322696352,2022-01-11 17:40:40,,,,,EXECUTION,0,0,LMT,,N,0
U0008402,Portfolio2,,USD,0.88165,STK,AM,ANTERO MIDSTREAM CORP,355947671,US03676B1026,ISIN,03676B102,US03676B1026,NYSE,,,,,,1,,,323656893,,2022-01-19,,2022-01-19 10:21:34,2022-01-19,2022-01-21,ExchTrade,ISLAND,-200,10.29,-2058,2058,0,-0.9864958,USD,2057.0135042,10.38,C,P,-506.870902,1550.142602,0,-18,0,,,0,,867311410,SELL,289477814,00013d66.61e80166.01.01,007d1c69.00022db7.61dd197e.0001,,,,0322696362,2022-01-11 17:40:40,,,,,EXECUTION,0,0,LMT,,N,0
U0008402,Portfolio2,,USD,0.88165,STK,AM,ANTERO MIDSTREAM CORP,355947671,US03676B1026,ISIN,03676B102,US03676B1026,NYSE,,,,,,1,,,323656895,,2022-01-19,,2022-01-19 10:21:34,2022-01-19,2022-01-21,ExchTrade,IEX,-10,10.3,-103,103,0,-0.0518253,USD,102.9481747,10.38,C,P,-25.343545,77.60463,0,-0.8,0,,,0,,867311416,SELL,289477814,000154a9.61e81b6b.01.01,007d1c69.00022db7.61dd197e.0001,,,,MTCH050386000003vZ,2022-01-11 17:40:40,,,,,EXECUTION,0,0,LMT,,N,0
U0008402,Portfolio2,,USD,0.88165,STK,AM,ANTERO MIDSTREAM CORP,355947671,US03676B1026,ISIN,03676B102,US03676B1026,NYSE,,,,,,1,,,323656930,,2022-01-19,,2022-01-19 10:21:34,2022-01-19,2022-01-21,ExchTrade,EDGEA,-100,10.29,-1029,1029,0,-0.5182479,USD,1028.4817521,10.38,C,P,-253.435451,775.046301,0,-9,0,,,0,,867311433,SELL,289477814,0000d8dc.61e804f4.01.01,007d1c69.00022db7.61dd197e.0001,,,,156728350176S,2022-01-11 17:40:40,,,,,EXECUTION,0,0,LMT,,N,0
U0008402,Portfolio2,,USD,0.94302,STK,AR,ANTERO RESOURCES CORP,135942630,US03674X1063,ISIN,03674X106,US03674X1063,NYSE,,,,,,1,,,472636271,,2022-12-21,,2022-12-20 16:20:00,2022-12-20,2022-12-22,BookTrade,--,600,45,27000,-27000,0,0,USD,-27000,34.65,O,A,27000,0,0,-6210,0,,,0,,1558938103,BUY,1558938103,,,,,,,,,,,,EXECUTION,0,0,,,N,0
U0008402,Portfolio2,,USD,0.88298,STK,TSLA,TESLA INC,76792991,US88160R1014,ISIN,88160R101,US88160R1014,NASDAQ,,,,,,1,,,340226119,,2022-02-22,,2022-02-22 07:37:42,2022-02-22,2022-02-24,ExchTrade,ARCA,2,834.54,1669.08,-1669.08,0,-1,USD,-1670.08,821.53,C,,1594.904509,-75.175491,0,-26.02,0,,,0,,947283160,BUY,302229284,0001035c.6214a310.01.01,007d1c69.00022db7.62147588.0001,,,,0d.a468.10.01.0009e3:122820,2022-02-22 07:37:42,,,,,EXECUTION,0,0,LMT,,N,0
U0008402,Portfolio2,,USD,0.88455,STK,TSLA,TESLA INC,76792991,US88160R1014,ISIN,88160R101,US88160R1014,NASDAQ,,,,,,1,,,340974392,,2022-02-23,,2022-02-23 10:20:39,2022-02-23,2022-02-25,ExchTrade,DRCTEDGE,3,802.53,2407.59,-2407.59,0,-1,USD,-2408.59,764.04,C,,2392.356764,-16.233236,0,-115.47,0,,,0,,950836242,BUY,302803538,00022b5d.6215f48d.01.01,007d1c69.00022db7.62147586.0002,,,,2037468360249B,2022-02-23 10:20:38,,,,,EXECUTION,0,0,LMT,,N,0
U0008402,Portfolio2,,USD,0.9528,STK,TSLA,TESLA INC,76792991,US88160R1014,ISIN,88160R101,US88160R1014,NASDAQ,,,,,,1,,,392999714,,2022-06-17,,2022-06-17 11:01:00,2022-06-17,2022-06-22,ExchTrade,ISLAND,5,643.11,3215.55,-3215.55,0,-1,USD,-3216.55,650.28,C,,3987.261274,770.711274,0,35.85,0,,,0,,1204164823,BUY,343798411,000137fd.62ac7e7d.01.01,007d1c69.00022db7.62ac0501.0001,,,,0338819111,2022-06-17 10:54:37,,,,,EXECUTION,0,0,LMT,,N,0
