ClientAccountID,AccountAlias,Model,CurrencyPrimary,FXRateToBase,AssetClass,Symbol,Description,Conid,SecurityID,SecurityIDType,CUSIP,ISIN,ListingExchange,UnderlyingConid,UnderlyingSymbol,UnderlyingSecurityID,UnderlyingListingExchange,Issuer,Multiplier,Strike,Expiry,TradeID,Put/Call,ReportDate,PrincipalAdjustFactor,DateTime,TradeDate,SettleDateTarget,TransactionType,Exchange,Quantity,TradePrice,TradeMoney,Proceeds,Taxes,IBCommission,IBCommissionCurrency,NetCash,ClosePrice,Open/CloseIndicator,Notes/Codes,CostBasis,FifoPnlRealized,FxPnl,MtmPnl,OrigTradePrice,OrigTradeDate,OrigTradeID,OrigOrderID,ClearingFirmID,TransactionID,Buy/Sell,IBOrderID,IBExecID,BrokerageOrderID,OrderReference,VolatilityOrderLink,ExchOrderID,ExtExecID,OrderTime,OpenDateTime,HoldingPeriodDateTime,WhenRealized,WhenReopened,LevelOfDetail,ChangeInPrice,ChangeInQuantity,OrderType,TraderID,IsAPIOrder,AccruedInterest
U0001429,Portfolio1,,USD,0.84908,STK,AM,ANTERO MIDSTREAM CORP,355947671,US03676B1026,ISIN,03676B102,US03676B1026,NYSE,,,,,,1,,,56870058,,2021-04-01,,2021-04-01 13:20:45,2021-04-01,2021-04-06,ExchTrade,NYSERLP,-400,9.071,-3628.4,3628.4,0,-2.06610484,USD,3626.33389516,9.12,C,P,-3084,542.333895,0,-19.6,0,,,0,,161810040,SELL,48000297,00012dbc.6065dc24.01.01,007d1c69.0000fa06.6065517b.0001,,,,0d.a1cb.14.06.0005c7:104978,2021-04-01 13:20:45,,,,,EXECUTION,0,0,LMT,,N,0
U0001429,Portfolio1,,USD,0.84908,STK,AM,ANTERO MIDSTREAM CORP,355947671,US03676B1026,ISIN,03676B102,US03676B1026,NYSE,,,,,,1,,,56870060,,2021-04-01,,2021-04-01 13:20:45,2021-04-01,2021-04-06,ExchTrade,IBKRATS,-100,9.075,-907.5,907.5,0,-0.51652825,USD,906.98347175,9.12,C,P,-771,135.983472,0,-4.5,0,,,0,,161810041,SELL,48000297,0000d753.6065c568.01.01,007d1c69.0000fa06.6065517b.0001,,,,289967850S,2021-04-01 13:20:45,,,,,EXECUTION,0,0,LMT,,N,0
U0001429,Portfolio1,,USD,0.82886,STK,AM,ANTERO MIDSTREAM CORP,355947671,US03676B1026,ISIN,03676B102,US03676B1026,NYSE,,,,,,1,,,81580157,,2021-05-06,,2021-05-06 15:43:04,2021-05-06,2021-05-10,ExchTrade,NYSE,-300,9.055,-2716.5,2716.5,0,-1.54955415,USD,2714.95044585,9.13,C,P,-2257.65,457.300446,0,-22.5,0,,,0,,233380552,SELL,70071637,00012dbc.609424e0.01.01,007d1c69.0000fa06.60937855.0001,,,,0d.a1cb.11.06.0005e8:151151,2021-05-06 15:28:10,,,,,EXECUTION,0,0,LMT,,N,0
U0001429,Portfolio1,,USD,0.82886,STK,AM,ANTERO MIDSTREAM CORP,355947671,US03676B1026,ISIN,03676B102,US03676B1026,NYSE,,,,,,1,,,81580158,,2021-05-06,,2021-05-06 15:43:04,2021-05-06,2021-05-10,ExchTrade,NYSE,-200,9.055,-1811,1811,0,-1.0330361,USD,1809.9669639,9.13,C,P,-1505.1,304.866964,0,-15,0,,,0,,233380553,SELL,70071637,00012dbc.609424e1.01.01,007d1c69.0000fa06.60937855.0001,,,,0d.a1cb.11.06.0005e8:151152,2021-05-06 15:28:10,,,,,EXECUTION,0,0,LMT,,N,0
U0001429,Portfolio1,,USD,0.84654,STK,CNQ,CANADIAN NATURAL RESOURCES,11926119,CA1363851017,ISIN,136385101,CA1363851017,NYSE,,,,,,1,,,57666182,,2021-04-05,,2021-04-05 09:52:56,2021-04-05,2021-04-07,ExchTrade,NYSE,-100,31.015,-3101.5,3101.5,0,-1.02771765,USD,3100.47228235,30.82,C,,-2362,738.472282,0,19.5,0,,,0,,165166496,SELL,48722325,00012dbf.606b1135.01.01,007d1c69.0000fa06.606a9451.0001,,,,0d.a1cc.12.06.0005ca:70705,2021-04-05 09:52:43,,,,,EXECUTION,0,0,LMT,,N,0
U0008402,Portfolio2,,USD,0.82585,STK,AM,ANTERO MIDSTREAM CORP,355947671,US03676B1026,ISIN,03676B102,US03676B1026,NYSE,,,,,,1,,,109839599,,2021-06-11,,2021-06-11 09:20:53,2021-06-11,2021-06-15,ExchTrade,ISLAND,-4,10.35,-41.4,41.4,0,-0.42668714,USD,40.97331286,10.52,C,P,-12.416893,28.55642,0,-0.68,0,,,0,,312523807,SELL,95398921,00013d66.60c3dda1.01.01,007d1c69.00022db7.60c2e8fa.0001,,,,0303529932,2021-06-11 09:20:53,,,,,EXECUTION,0,0,LMT,,N,0
U0008402,Portfolio2,,USD,0.82585,STK,AM,ANTERO MIDSTREAM CORP,355947671,US03676B1026,ISIN,03676B102,US03676B1026,NYSE,,,,,,1,,,109849003,,2021-06-11,,2021-06-11 09:30:00,2021-06-11,2021-06-15,ExchTrade,ISLAND,-9,10.35,-93.15,93.15,0,-0.575546065,USD,92.574453935,10.52,C,P,-27.93801,64.636444,0,-1.53,0,,,0,,312537163,SELL,95398921,00013d66.60c3e178.01.01,007d1c69.00022db7.60c2e8fa.0001,,,,0304073702,2021-06-11 09:20:53,,,,,EXECUTION,0,0,LMT,,N,0
U0008402,Portfolio2,,USD,0.82585,STK,AM,ANTERO MIDSTREAM CORP,355947671,US03676B1026,ISIN,03676B102,US03676B1026,NYSE,,,,,,1,,,109849283,,2021-06-11,,2021-06-11 09:30:00,2021-06-11,2021-06-15,ExchTrade,ISLAND,-9,10.35,-93.15,93.15,0,-0.001546065,USD,93.148453935,10.52,C,P,-27.93801,65.210444,0,-1.53,0,,,0,,312537439,SELL,95398921,00013d66.60c3e176.01.01,007d1c69.00022db7.60c2e8fa.0001,,,,0304073632,2021-06-11 09:20:53,,,,,EXECUTION,0,0,LMT,,N,0
U0008402,Portfolio2,,USD,0.82585,STK,AM,ANTERO MIDSTREAM CORP,355947671,US03676B1026,ISIN,03676B102,US03676B1026,NYSE,,,,,,1,,,109849297,,2021-06-11,,2021-06-11 09:30:00,2021-06-11,2021-06-15,ExchTrade,ISLAND,-14,10.35,-144.9,144.9,0,-0.00240499,USD,144.89759501,10.52,C,P,-43.459126,101.438469,0,-2.38,0,,,0,,312537476,SELL,95398921,00013d66.60c3e172.01.01,007d1c69.00022db7.60c2e8fa.0001,,,,0304066452,2021-06-11 09:20:53,,,,,EXECUTION,0,0,LMT,,N,0
U0008402,Portfolio2,,USD,0.82585,STK,AM,ANTERO MIDSTREAM CORP,355947671,US03676B1026,ISIN,03676B102,US03676B1026,NYSE,,,,,,1,,,109849224,,2021-06-11,,2021-06-11 09:30:01,2021-06-11,2021-06-15,ExchTrade,ISLAND,-464,10.35,-4802.4,4802.4,0,-1.57970824,USD,4800.82029176,10.52,C,P,-1440.359618,3360.460674,0,-78.88,0,,,0,,312538442,SELL,95398921,00013d66.60c3e17e.01.01,007d1c69.00022db7.60c2e8fa.0001,,,,0304084242,2021-06-11 09:20:53,,,,,EXECUTION,0,0,LMT,,N,0
U0008402,Portfolio2,,USD,0.84908,STK,AR,ANTERO RESOURCES CORP,135942630,US03674X1063,ISIN,03674X106,US03674X1063,NYSE,,,,,,1,,,56934765,,2021-04-01,,2021-04-01 14:26:39,2021-04-01,2021-04-06,ExchTrade,NYSE,-50,10.885,-544.25,544.25,0,-1.008725675,USD,543.241274325,10.86,C,,-51,492.241274,0,1.25,0,,,0,,161906720,SELL,48057888,00012dbc.6065e49b.01.01,007d1c69.0000fa06.606551f5.0002,,,,0d.a1cb.14.06.0005c7:115625,2021-04-01 14:26:39,,,,,EXECUTION,0,0,LMT,,N,0
U0008402,Portfolio2,,USD,0.82094,STK,AR,ANTERO RESOURCES CORP,135942630,US03674X1063,ISIN,03674X106,US03674X1063,NYSE,,,,,,1,,,95153113,,2021-05-21,,2021-05-21 16:20:00,2021-05-21,2021-05-25,BookTrade,--,100,8,800,-800,0,0,USD,-800,12.76,O,Ex,800,0,0,476,0,,,0,,270092913,BUY,270092913,,,,,,,,,,,,EXECUTION,0,0,,,N,0
U0008402,Portfolio2,,USD,0.88551,STK,AR,ANTERO RESOURCES CORP,135942630,US03674X1063,ISIN,03674X106,US03674X1063,NYSE,,,,,,1,,,279110126,,2021-12-09,,2021-12-09 05:19:34,2021-12-09,2021-12-13,ExchTrade,ARCA,50,17.28,864,-864,0,-1,USD,-865,17.24,O,,865,0,0,-2,0,,,0,,757085068,BUY,248392788,0000eb81.61b1b63f.01.01,007d1c69.00022db7.61b04698.0001,,,,0d.9fa3.10.01.0009a2:89493,2021-12-08 16:52:47,,,,,EXECUTION,0,0,LMT,,N,0
U0008402,Portfolio2,,USD,0.84908,STK,CNQ,CANADIAN NATURAL RESOURCES,11926119,CA1363851017,ISIN,136385101,CA1363851017,NYSE,,,,,,1,,,56926124,,2021-04-01,,2021-04-01 14:19:05,2021-04-01,2021-04-06,ExchTrade,NYSE,-100,31.195,-3119.5,3119.5,0,-1.02780945,USD,3118.47219055,31.58,C,,-902,2216.472191,0,-38.5,0,,,0,,161894962,SELL,48050139,00012dbf.6065f099.01.01,007d1c69.0000fa06.606551ee.0001,,,,0d.a1cc.12.06.0005c7:122443,2021-04-01 14:19:04,,,,,EXECUTION,0,0,LMT,,N,0
U0008402,Portfolio2,,USD,0.82585,STK,CNQ,CANADIAN NATURAL RESOURCES,11926119,CA1363851017,ISIN,136385101,CA1363851017,NYSE,,,,,,1,,,109841797,,2021-06-11,,2021-06-11 09:23:04,2021-06-11,2021-06-15,ExchTrade,ISLAND,-100,37.55,-3755,3755,0,-1.0310505,USD,3753.9689495,37.21,C,,-1221.760467,2532.208483,0,34,0,,,0,,312526507,SELL,95401043,00013d04.60c32826.01.01,007d1c69.00022db7.60c2e8ff.0001,,,,0303592702,2021-06-11 09:23:03,,,,,EXECUTION,0,0,LMT,,N,0
U0008402,Portfolio2,,USD,0.82901,STK,TSLA,TESLA INC,76792991,US88160R1014,ISIN,88160R101,US88160R1014,NASDAQ,,,,,,1,,,33204063,,2021-03-03,,2021-03-03 14:28:08,2021-03-03,2021-03-05,ExchTrade,IBKRATS,5,666.92,3334.6,-3334.6,0,-1,USD,-3335.6,653.2,C,,3952.862034,617.262034,0,-68.6,0,,,0,,96172310,BUY,27157385,0001a2f2.604019a0.01.01,007d1c69.0000fa06.603dd465.0003,,,,206056700B,2021-03-03 14:28:08,,,,,EXECUTION,0,0,LMT,,N,0
U0008402,Portfolio2,,USD,0.83525,STK,TSLA,TESLA INC,76792991,US88160R1014,ISIN,88160R101,US88160R1014,NASDAQ,,,,,,1,,,34121343,,2021-03-04,,2021-03-04 10:04:45,2021-03-04,2021-03-08,ExchTrade,ARCA,5,626,3130,-3130,0,-1,USD,-3131,621.44,C,,3952.862034,821.862034,0,-22.8,0,,,0,,99022596,BUY,27989134,0001035c.6040ef26.01.01,007d1c69.0000fa06.603dd460.0003,,,,0d.a468.10.01.000879:127926,2021-03-02 14:30:21,,,,,EXECUTION,0,0,LMT,,N,0
U0008402,Portfolio2,,USD,0.86498,STK,TSLA,TESLA INC,76792991,US88160R1014,ISIN,88160R101,US88160R1014,NASDAQ,,,,,,1,,,230780421,,2021-10-29,,2021-10-29 11:07:05,2021-10-29,2021-11-02,ExchTrade,ISLAND,-3,1089,-3267,3267,0,-1.0170187,USD,3265.9829813,1114,O,,-3265.9829813,0,0,-75,0,,,0,,638626597,SELL,204405963,000137fd.617c3d4d.01.01,007d1c69.00022db7.617b7a81.0001,,,,0334873052,2021-10-29 11:06:57,,,,,EXECUTION,0,0,LMT,,N,0
U0008402,Portfolio2,,USD,0.86548,STK,TSLA,TESLA INC,76792991,US88160R1014,ISIN,88160R101,US88160R1014,NASDAQ,,,,,,1,,,236738630,,2021-11-04,,2021-11-04 13:17:27,2021-11-04,2021-11-08,ExchTrade,ISLAND,-2,1237.6,-2475.2,2475.2,0,-1.01286152,USD,2474.18713848,1229.91,O,,-2474.18713848,0,0,15.38,0,,,0,,654744567,SELL,209699189,000137fd.61843699.01.01,007d1c69.00022db7.61837248.0001,,,,0370955352,2021-11-04 13:17:19,,,,,EXECUTION,0,0,LMT,,N,0
