ClientAccountID,AccountAlias,Model,CurrencyPrimary,FXRateToBase,AssetClass,Symbol,Description,Conid,SecurityID,SecurityIDType,CUSIP,ISIN,ListingExchange,UnderlyingConid,UnderlyingSymbol,UnderlyingSecurityID,UnderlyingListingExchange,Issuer,Multiplier,Strike,Expiry,TradeID,Put/Call,ReportDate,PrincipalAdjustFactor,DateTime,TradeDate,SettleDateTarget,TransactionType,Exchange,Quantity,TradePrice,TradeMoney,Proceeds,Taxes,IBCommission,IBCommissionCurrency,NetCash,ClosePrice,Open/CloseIndicator,Notes/Codes,CostBasis,FifoPnlRealized,FxPnl,MtmPnl,OrigTradePrice,OrigTradeDate,OrigTradeID,OrigOrderID,ClearingFirmID,TransactionID,Buy/Sell,IBOrderID,IBExecID,BrokerageOrderID,OrderReference,VolatilityOrderLink,ExchOrderID,ExtExecID,OrderTime,OpenDateTime,HoldingPeriodDateTime,WhenRealized,WhenReopened,LevelOfDetail,ChangeInPrice,ChangeInQuantity,OrderType,TraderID,IsAPIOrder,AccruedInterest
U0001429,Portfolio1,,USD,0.90396,STK,AR,ANTERO RESOURCES CORP,135942630,US03674X1063,ISIN,03674X106,US03674X1063,NYSE,,,,,,1,,,536781771,,2023-05-03,,2023-05-02 16:20:00,2023-05-02,2023-05-04,BookTrade,--,600,26,15600,-15600,0,0,USD,-15600,20.57,O,A,15600,0,0,-3258,0,,,0,,1840064302,BUY,1840064302,,,,,,,,,,,,EXECUTION,0,0,,,N,0
U0008402,Portfolio2,,USD,0.90452,STK,AM,ANTERO MIDSTREAM CORP,355947671,US03676B1026,ISIN,03676B102,US03676B1026,NYSE,,,,,,1,,,577956364,,2023-07-25,,2023-07-24 16:20:00,2023-07-24,2023-07-26,BookTrade,--,-100,2.5,-250,250,0,-0.0165,USD,249.9835,11.73,C,A,-216.611905,953.412745,0,-923,0,,,0,,2021205496,SELL,2021205496,,,,,,,,,,,,EXECUTION,0,0,,,N,0
U0008402,Portfolio2,,USD,0.90452,STK,AM,ANTERO MIDSTREAM CORP,355947671,US03676B1026,ISIN,03676B102,US03676B1026,NYSE,,,,,,1,,,578315378,,2023-07-25,,2023-07-25 12:00:56,2023-07-25,2023-07-27,ExchTrade,AMEX,100,11.765,1176.5,-1176.5,0,-1,USD,-1177.5,11.73,O,,1177.5,0,0,-3.5,0,,,0,,2022287853,BUY,492297185,0000f5b4.64bf7f12.01.01,007d1c69.00022db7.64bf5099.0001,,,,0d.9f98.08.3d.00094b:19670,2023-07-25 12:00:56,,,,,EXECUTION,0,0,MIDPX,,N,0
U0008402,Portfolio2,,USD,0.9498,STK,AM,ANTERO MIDSTREAM CORP,355947671,US03676B1026,ISIN,03676B102,US03676B1026,NYSE,,,,,,1,,,618914465,,2023-10-12,,2023-10-11 16:20:00,2023-10-11,2023-10-13,BookTrade,--,-100,2.5,-250,250,0,-0.0165,USD,249.9835,12.29,C,A,-198.172331,971.852319,0,-979,0,,,0,,2199802963,SELL,2199802963,,,,,,,,,,,,EXECUTION,0,0,,,N,0
U0008402,Portfolio2,,USD,0.93177,STK,AR,ANTERO RESOURCES CORP,135942630,US03674X1063,ISIN,03674X106,US03674X1063,NYSE,,,,,,1,,,479439798,,2023-01-09,,2023-01-09 11:04:00,2023-01-09,2023-01-11,ExchTrade,NYSE,-2,29.91,-59.82,59.82,0,-0.599859878,USD,59.220140122,29.41,C,,-2.04,57.18014,0,1,0,,,0,,1592051090,SELL,413041330,00012dbc.63bc2286.01.01,007d1c69.00022db7.63bba6ea.0001,,,,0d.a1cb.13.06.00086c:81470,2023-01-09 11:03:49,,,,,EXECUTION,0,0,LMT,,N,0
U0008402,Portfolio2,,USD,0.93177,STK,AR,ANTERO RESOURCES CORP,135942630,US03674X1063,ISIN,03674X106,US03674X1063,NYSE,,,,,,1,,,479443016,,2023-01-09,,2023-01-09 11:06:30,2023-01-09,2023-01-11,ExchTrade,NYSE,-41,29.795,-1221.595,1221.595,0,-1.033919525,USD,1220.561080475,29.41,C,P,-41.82,1178.74108,0,15.785,0,,,0,,1592058343,SELL,413043774,00012dbc.63bc2303.01.01,007d1c69.00022db7.63bba6ea.0004,,,,0d.a1cb.13.06.00086c:81832,2023-01-09 11:06:30,,,,,EXECUTION,0,0,LMT,,N,0
U0008402,Portfolio2,,USD,0.93177,STK,AR,ANTERO RESOURCES CORP,135942630,US03674X1063,ISIN,03674X106,US03674X1063,NYSE,,,,,,1,,,479443072,,2023-01-09,,2023-01-09 11:06:30,2023-01-09,2023-01-11,ExchTrade,NYSE,-57,29.795,-1698.315,1698.315,0,-0.047156414,USD,1698.267843586,29.41,C,P,-58.14,1640.127844,0,21.945,0,,,0,,1592058344,SELL,413043774,00012dbc.63bc2304.01.01,007d1c69.00022db7.63bba6ea.0004,,,,0d.a1cb.13.06.00086c:81833,2023-01-09 11:06:30,,,,,EXECUTION,0,0,LMT,,N,0
U0008402,Portfolio2,,USD,0.90396,STK,AR,ANTERO RESOURCES CORP,135942630,US03674X1063,ISIN,03674X106,US03674X1063,NYSE,,,,,,1,,,536781819,,2023-05-03,,2023-05-02 16:20:00,2023-05-02,2023-05-04,BookTrade,--,900,27,24300,-24300,0,0,USD,-24300,20.57,O,A,24300,0,0,-5787,0,,,0,,1840064351,BUY,1840064351,,,,,,,,,,,,EXECUTION,0,0,,,N,0
U0008402,Portfolio2,,USD,0.90396,STK,AR,ANTERO RESOURCES CORP,135942630,US03674X1063,ISIN,03674X106,US03674X1063,NYSE,,,,,,1,,,537158192,,2023-05-03,,2023-05-03 13:15:57,2023-05-03,2023-05-05,ExchTrade,AMEX,-100,20.99,-2099,2099,0,-1.031292,USD,2097.968708,20.57,C,P,-585.1169,1512.851808,0,42,0,,,0,,1841488667,SELL,459338972,0000f5b4.64521407.01.01,007d1c69.00022db7.6451e36a.0001,,,,0d.9f98.07.3d.0008f9:19897,2023-05-03 13:15:57,,,,,EXECUTION,0,0,LMT,,N,0
U0008402,Portfolio2,,USD,0.90396,STK,AR,ANTERO RESOURCES CORP,135942630,US03674X1063,ISIN,03674X106,US03674X1063,NYSE,,,,,,1,,,537158194,,2023-05-03,,2023-05-03 13:15:57,2023-05-03,2023-05-05,ExchTrade,ISLAND,-13,20.99,-272.87,272.87,0,-0.00406796,USD,272.86593204,20.57,C,P,-138.870394,133.995538,0,5.46,0,,,0,,1841488673,SELL,459338972,00013d66.64527378.01.01,007d1c69.00022db7.6451e36a.0001,,,,0357931982,2023-05-03 13:15:57,,,,,EXECUTION,0,0,LMT,,N,0
U0008402,Portfolio2,,USD,0.90396,STK,AR,ANTERO RESOURCES CORP,135942630,US03674X1063,ISIN,03674X106,US03674X1063,NYSE,,,,,,1,,,537158195,,2023-05-03,,2023-05-03 13:15:57,2023-05-03,2023-05-05,ExchTrade,ISLAND,-84,20.99,-1763.16,1763.16,0,-0.02628528,USD,1763.13371472,20.57,C,P,-1208.346506,554.787209,0,35.28,0,,,0,,1841488676,SELL,459338972,00013d66.64527379.01.01,007d1c69.00022db7.6451e36a.0001,,,,0357931992,2023-05-03 13:15:57,,,,,EXECUTION,0,0,LMT,,N,0
U0008402,Portfolio2,,USD,0.90396,STK,AR,ANTERO RESOURCES CORP,135942630,US03674X1063,ISIN,03674X106,US03674X1063,NYSE,,,,,,1,,,537158197,,2023-05-03,,2023-05-03 13:15:57,2023-05-03,2023-05-05,ExchTrade,ISLAND,-100,20.99,-2099,2099,0,-0.516292,USD,2098.483708,20.57,C,P,-3501.573668,-1403.089961,0,42,0,,,0,,1841488678,SELL,459338972,00013d66.64527377.01.01,007d1c69.00022db7.6451e36a.0001,,,,0357931972,2023-05-03 13:15:57,,,,,EXECUTION,0,0,LMT,,N,0
U0008402,Portfolio2,,USD,0.90396,STK,AR,ANTERO RESOURCES CORP,135942630,US03674X1063,ISIN,03674X106,US03674X1063,NYSE,,,,,,1,,,537158198,,2023-05-03,,2023-05-03 13:15:57,2023-05-03,2023-05-05,ExchTrade,DARK,-100,20.9907,-2099.07,2099.07,0,-0.53129256,USD,2098.53870744,20.57,C,P,-3556.364607,-1457.825899,0,42.07,0,,,0,,1841488680,SELL,459338972,0000e628.64527574.01.01,007d1c69.00022db7.6451e36a.0001,,,,F000000005902520,2023-05-03 13:15:57,,,,,EXECUTION,0,0,LMT,,N,0
U0008402,Portfolio2,,USD,0.90396,STK,AR,ANTERO RESOURCES CORP,135942630,US03674X1063,ISIN,03674X106,US03674X1063,NYSE,,,,,,1,,,537158199,,2023-05-03,,2023-05-03 13:15:57,2023-05-03,2023-05-05,ExchTrade,ISLAND,-3,20.99,-62.97,62.97,0,-0.01593876,USD,62.95406124,20.57,C,P,-106.690938,-43.736877,0,1.26,0,,,0,,1841488682,SELL,459338972,00013d66.6452737b.01.01,007d1c69.00022db7.6451e36a.0001,,,,0357932012,2023-05-03 13:15:57,,,,,EXECUTION,0,0,LMT,,N,0
U0008402,Portfolio2,,USD,0.90396,STK,AR,ANTERO RESOURCES CORP,135942630,US03674X1063,ISIN,03674X106,US03674X1063,NYSE,,,,,,1,,,537158201,,2023-05-03,,2023-05-03 13:15:57,2023-05-03,2023-05-05,ExchTrade,NYSE,-100,20.99,-2099,2099,0,-0.531292,USD,2098.468708,20.57,C,P,-3556.364607,-1457.895899,0,42,0,,,0,,1841488685,SELL,459338972,00012dbc.64525c14.01.01,007d1c69.00022db7.6451e36a.0001,,,,0d.a1cb.10.06.000900:70471,2023-05-03 13:15:57,,,,,EXECUTION,0,0,LMT,,N,0
U0008402,Portfolio2,,USD,0.90396,STK,AR,ANTERO RESOURCES CORP,135942630,US03674X1063,ISIN,03674X106,US03674X1063,NYSE,,,,,,1,,,537158202,,2023-05-03,,2023-05-03 13:15:57,2023-05-03,2023-05-05,ExchTrade,ARCA,-100,20.99,-2099,2099,0,-0.531292,USD,2098.468708,20.57,C,P,-3556.364607,-1457.895899,0,42,0,,,0,,1841488687,SELL,459338972,0000eb81.64523d47.01.01,007d1c69.00022db7.6451e36a.0001,,,,0d.9fa3.10.01.000c1e:113258,2023-05-03 13:15:57,,,,,EXECUTION,0,0,LMT,,N,0
U0008402,Portfolio2,,USD,0.90396,STK,AR,ANTERO RESOURCES CORP,135942630,US03674X1063,ISIN,03674X106,US03674X1063,NYSE,,,,,,1,,,537158205,,2023-05-03,,2023-05-03 13:15:57,2023-05-03,2023-05-05,ExchTrade,ISLAND,-100,20.99,-2099,2099,0,-0.531292,USD,2098.468708,20.57,C,P,-3556.364607,-1457.895899,0,42,0,,,0,,1841488690,SELL,459338972,00013d66.6452737a.01.01,007d1c69.00022db7.6451e36a.0001,,,,0357932002,2023-05-03 13:15:57,,,,,EXECUTION,0,0,LMT,,N,0
U0008402,Portfolio2,,USD,0.92921,STK,AR,ANTERO RESOURCES CORP,135942630,US03674X1063,ISIN,03674X106,US03674X1063,NYSE,,,,,,1,,,551380759,,2023-06-01,,2023-05-31 16:20:00,2023-05-31,2023-06-02,BookTrade,--,200,27,5400,-5400,0,0,USD,-5400,20.16,O,A,5400,0,0,-1368,0,,,0,,1904530783,BUY,1904530783,,,,,,,,,,,,EXECUTION,0,0,,,N,0
U0008402,Portfolio2,,USD,0.91023,STK,AR,ANTERO RESOURCES CORP,135942630,US03674X1063,ISIN,03674X106,US03674X1063,NYSE,,,,,,1,,,561832192,,2023-06-21,,2023-06-21 13:03:10,2023-06-21,2023-06-23,ExchTrade,NYSE,-200,21.655,-4331,4331,0,-1.063648,USD,4329.936352,21.81,C,,-5943.718601,-1613.782249,0,-31,0,,,0,,1950063231,SELL,479033094,00012dbc.6492fba0.01.01,007d1c69.00022db7.64927d80.0002,,,,0d.a1cb.10.06.00092f:72331,2023-06-21 13:03:04,,,,,EXECUTION,0,0,LMT,,N,0
U0008402,Portfolio2,,USD,0.91023,STK,AR,ANTERO RESOURCES CORP,135942630,US03674X1063,ISIN,03674X106,US03674X1063,NYSE,,,,,,1,,,561881756,,2023-06-21,,2023-06-21 14:15:08,2023-06-21,2023-06-23,ExchTrade,IBKRATS,-70,21.865,-1530.55,1530.55,0,-1.0223944,USD,1529.5276056,21.81,C,P,-1671.147796,-141.62019,0,3.85,0,,,0,,1950178169,SELL,479071366,00015e71.649307a5.01.01,007d1c69.00022db7.64927d90.0001,,,,203908350S,2023-06-21 14:15:08,,,,,EXECUTION,0,0,LMT,,N,0
U0008402,Portfolio2,,USD,0.91023,STK,AR,ANTERO RESOURCES CORP,135942630,US03674X1063,ISIN,03674X106,US03674X1063,NYSE,,,,,,1,,,561881784,,2023-06-21,,2023-06-21 14:15:08,2023-06-21,2023-06-23,ExchTrade,IBKRATS,-130,21.865,-2842.45,2842.45,0,-0.0415896,USD,2842.4084104,21.81,C,P,-3103.560192,-261.151782,0,7.15,0,,,0,,1950178170,SELL,479071366,00015e71.649307a3.01.01,007d1c69.00022db7.64927d90.0001,,,,203908200S,2023-06-21 14:15:08,,,,,EXECUTION,0,0,LMT,,N,0
U0008402,Portfolio2,,USD,0.91023,STK,AR,ANTERO RESOURCES CORP,135942630,US03674X1063,ISIN,03674X106,US03674X1063,NYSE,,,,,,1,,,561918416,,2023-06-21,,2023-06-21 15:02:05,2023-06-21,2023-06-23,ExchTrade,NYSE,-100,21.87,-2187,2187,0,-1.031996,USD,2185.968004,21.81,C,,-2387.353994,-201.38599,0,6,0,,,0,,1950255128,SELL,479098526,00012dbc.649305cb.01.01,007d1c69.00022db7.64927d93.0004,,,,0d.a1cb.10.06.00092f:82930,2023-06-21 14:44:24,,,,,EXECUTION,0,0,LMT,,N,0
U0008402,Portfolio2,,USD,0.91023,STK,AR,ANTERO RESOURCES CORP,135942630,US03674X1063,ISIN,03674X106,US03674X1063,NYSE,,,,,,1,,,561945952,,2023-06-21,,2023-06-21 15:36:01,2023-06-21,2023-06-23,ExchTrade,NYSE,-100,21.93,-2193,2193,0,-1.032044,USD,2191.967956,21.81,C,,-2387.353994,-195.386038,0,12,0,,,0,,1950412701,SELL,479119272,00012dbc.649309ce.01.01,007d1c69.00022db7.64927d95.0002,,,,0d.a1cb.10.06.00092f:86334,2023-06-21 14:18:07,,,,,EXECUTION,0,0,LMT,,N,0
U0008402,Portfolio2,,USD,0.91273,STK,AR,ANTERO RESOURCES CORP,135942630,US03674X1063,ISIN,03674X106,US03674X1063,NYSE,,,,,,1,,,562483340,,2023-06-22,,2023-06-22 12:12:43,2023-06-22,2023-06-26,ExchTrade,DRCTEDGE,-100,21.98,-2198,2198,0,-1.032084,USD,2196.967916,21.78,C,,-2387.353994,-190.386078,0,20,0,,,0,,1952957780,SELL,479559244,0000d7a7.64940fd9.01.01,007d1c69.00022db7.64927d97.0001,,,,156728443432S,2023-06-21 14:16:04,,,,,EXECUTION,0,0,LMT,,N,0
U0008402,Portfolio2,,USD,0.88985,STK,AR,ANTERO RESOURCES CORP,135942630,US03674X1063,ISIN,03674X106,US03674X1063,NYSE,,,,,,1,,,573551885,,2023-07-17,,2023-07-14 16:20:00,2023-07-14,2023-07-18,BookTrade,--,300,27,8100,-8100,0,0,USD,-8100,22.83,O,A,8100,0,0,-1251,0,,,0,,2002681419,BUY,2002681419,,,,,,,,,,,,EXECUTION,0,0,,,N,0
U0008402,Portfolio2,,USD,0.88985,STK,AR,ANTERO RESOURCES CORP,135942630,US03674X1063,ISIN,03674X106,US03674X1063,NYSE,,,,,,1,,,573927649,,2023-07-17,,2023-07-17 10:30:28,2023-07-17,2023-07-19,ExchTrade,NYSE,-100,22.57,-2257,2257,0,-1.032556,USD,2255.967444,22.83,C,,-2387.353994,-131.38655,0,-26,0,,,0,,2003753564,SELL,488831433,00012dbc.64b53263.01.01,007d1c69.00022db7.64b4c40e.0001,,,,0d.a1cb.10.06.000948:49513,2023-07-17 10:30:08,,,,,EXECUTION,0,0,LMT,,N,0
U0008402,Portfolio2,,USD,0.88985,STK,AR,ANTERO RESOURCES CORP,135942630,US03674X1063,ISIN,03674X106,US03674X1063,NYSE,,,,,,1,,,573929181,,2023-07-17,,2023-07-17 10:31:27,2023-07-17,2023-07-19,ExchTrade,NYSE,-200,22.59,-4518,4518,0,-1.065144,USD,4516.934856,22.83,C,,-4774.707988,-257.773132,0,-48,0,,,0,,2003756201,SELL,488832571,00012dbc.64b532b3.01.01,007d1c69.00022db7.64b4c418.0001,,,,0d.a1cb.10.06.000948:49714,2023-07-17 10:31:16,,,,,EXECUTION,0,0,LMT,,N,0
U0008402,Portfolio2,,USD,0.88985,STK,AR,ANTERO RESOURCES CORP,135942630,US03674X1063,ISIN,03674X106,US03674X1063,NYSE,,,,,,1,,,573929536,,2023-07-17,,2023-07-17 10:31:46,2023-07-17,2023-07-19,ExchTrade,NYSE,-200,22.6,-4520,4520,0,-1.06516,USD,4518.93484,22.83,C,,-4190.57266,328.36218,0,-46,0,,,0,,2003756245,SELL,488832789,00012dbc.64b532c5.01.01,007d1c69.00022db7.64b4c410.0001,,,,0d.a1cb.10.06.000948:49767,2023-07-17 10:30:24,,,,,EXECUTION,0,0,LMT,,N,0
U0008402,Portfolio2,,USD,0.92122,STK,CNQ,CANADIAN NATURAL RESOURCES,11926119,CA1363851017,ISIN,136385101,CA1363851017,NYSE,,,,,,1,,,485640262,,2023-01-20,,2023-01-20 16:20:00,2023-01-20,2023-01-24,BookTrade,--,-200,60,-12000,12000,0,-0.3038,USD,11999.6962,60.35,C,A,-2443.520933,10615.596211,0,-70,0,,,0,,1618708271,SELL,1618708271,,,,,,,,,,,,EXECUTION,0,0,,,N,0
U0008402,Portfolio2,,USD,0.92122,STK,CNQ,CANADIAN NATURAL RESOURCES,11926119,CA1363851017,ISIN,136385101,CA1363851017,NYSE,,,,,,1,,,485652189,,2023-01-20,,2023-01-20 16:20:00,2023-01-20,2023-01-24,BookTrade,--,200,50,10000,-10000,0,0,USD,-10000,60.35,O,Ex,10000,0,0,2070,0,,,0,,1618720382,BUY,1618720382,,,,,,,,,,,,EXECUTION,0,0,,,N,0
U0008402,Portfolio2,,USD,0.91696,STK,CNQ,CANADIAN NATURAL RESOURCES,11926119,CA1363851017,ISIN,136385101,CA1363851017,NYSE,,,,,,1,,,563703023,,2023-06-26,,2023-06-26 09:30:30,2023-06-26,2023-06-28,ExchTrade,CBOE,-200,53.38,-10676,10676,0,-1.114408,USD,10674.885592,54.67,C,,-7423.30795,3251.577642,0,-258,0,,,0,,1958515867,SELL,480544986,0000f84c.64997dfe.05.01,,,,,3212931030844S,2023-06-25 11:57:02,,,,,EXECUTION,0,0,LMT,,N,0
U0008402,Portfolio2,,USD,0.91981,STK,CNQ,CANADIAN NATURAL RESOURCES,11926119,CA1363851017,ISIN,136385101,CA1363851017,NYSE,,,,,,1,,,592282622,,2023-08-18,,2023-08-18 16:20:00,2023-08-18,2023-08-22,BookTrade,--,200,55,11000,-11000,0,0,USD,-11000,61.57,O,Ex,11000,0,0,1314,0,,,0,,2082251466,BUY,2082251466,,,,,,,,,,,,EXECUTION,0,0,,,N,0
U0008402,Portfolio2,,USD,0.9215,STK,TSLA,TESLA INC,76792991,US88160R1014,ISIN,88160R101,US88160R1014,NASDAQ,,,,,,1,,,481415649,,2023-01-12,,2023-01-12 10:45:52,2023-01-12,2023-01-17,ExchTrade,ISLAND,5,119.35,596.75,-596.75,0,-1,USD,-597.75,123.56,C,,1814.434989,1216.684989,0,21.05,0,,,0,,1600586465,BUY,414632031,000137fd.63c04414.01.01,007d1c69.00022db7.63bf9b90.0001,,,,0329569991,2023-01-12 10:32:18,,,,,EXECUTION,0,0,LMT,,N,0
