ClientAccountID,AccountAlias,Model,CurrencyPrimary,FXRateToBase,AssetClass,Symbol,Description,Conid,SecurityID,SecurityIDType,CUSIP,ISIN,ListingExchange,UnderlyingConid,UnderlyingSymbol,UnderlyingSecurityID,UnderlyingListingExchange,Issuer,Multiplier,Strike,Expiry,Put/Call,PrincipalAdjustFactor,Date/Time,SettleDate,Amount,Type,TradeID,Code,TransactionID,ReportDate,ClientReference
U0001429,Portfolio1,,USD,0.87591,STK,AM,AM(US03676B1026) CASH DIVIDEND USD 0.3075 PER SHARE - US TAX,355947671,US03676B1026,ISIN,03676B102,US03676B1026,NYSE,,,,,,1,,,,,2021-02-11 20:20:00,2021-02-11,230.63,Withholding Tax,,,915478490,2022-02-08,
U0001429,Portfolio1,,USD,0.87591,STK,AM,AM(US03676B1026) CASH DIVIDEND USD 0.3075 PER SHARE - US TAX,355947671,US03676B1026,ISIN,03676B102,US03676B1026,NYSE,,,,,,1,,,,,2021-02-11 20:20:00,2021-02-11,-41.51,Withholding Tax,,,915478491,2022-02-08,
U0001429,Portfolio1,,USD,0.87591,STK,AM,AM(US03676B1026) CASH DIVIDEND USD 0.225 PER SHARE - US TAX,355947671,US03676B1026,ISIN,03676B102,US03676B1026,NYSE,,,,,,1,,,,,2021-05-12 20:20:00,2021-05-12,151.88,Withholding Tax,,,915478488,2022-02-08,
U0001429,Portfolio1,,USD,0.87591,STK,AM,AM(US03676B1026) CASH DIVIDEND USD 0.225 PER SHARE - US TAX,355947671,US03676B1026,ISIN,03676B102,US03676B1026,NYSE,,,,,,1,,,,,2021-05-12 20:20:00,2021-05-12,-27.34,Withholding Tax,,,915478489,2022-02-08,
U0001429,Portfolio1,,USD,0.87591,STK,AM,AM(US03676B1026) CASH DIVIDEND USD 0.225 PER SHARE - US TAX,355947671,US03676B1026,ISIN,03676B102,US03676B1026,NYSE,,,,,,1,,,,,2021-08-11 20:20:00,2021-08-11,135,Withholding Tax,,,915478486,2022-02-08,
U0001429,Portfolio1,,USD,0.87591,STK,AM,AM(US03676B1026) CASH DIVIDEND USD 0.225 PER SHARE - US TAX,355947671,US03676B1026,ISIN,03676B102,US03676B1026,NYSE,,,,,,1,,,,,2021-08-11 20:20:00,2021-08-11,-24.3,Withholding Tax,,,915478487,2022-02-08,
U0001429,Portfolio1,,USD,0.87591,STK,AM,AM(US03676B1026) CASH DIVIDEND USD 0.225 PER SHARE - US TAX,355947671,US03676B1026,ISIN,03676B102,US03676B1026,NYSE,,,,,,1,,,,,2021-11-10 20:20:00,2021-11-10,135,Withholding Tax,,,915478492,2022-02-08,
U0001429,Portfolio1,,USD,0.87591,STK,AM,AM(US03676B1026) CASH DIVIDEND USD 0.225 PER SHARE - US TAX,355947671,US03676B1026,ISIN,03676B102,US03676B1026,NYSE,,,,,,1,,,,,2021-11-10 20:20:00,2021-11-10,-24.3,Withholding Tax,,,915478493,2022-02-08,
U0001429,Portfolio1,,USD,0.88397,STK,CNQ,CNQ(CA1363851017) CASH DIVIDEND USD 0.462041 PER SHARE - CA TAX,11926119,CA1363851017,ISIN,136385101,CA1363851017,NYSE,,,,,,1,,,,,2022-01-05 20:20:00,2022-01-05,-27.72,Withholding Tax,,,829757885,2022-01-05,
U0001429,Portfolio1,,USD,0.8754,STK,AM,AM(US03676B1026) CASH DIVIDEND USD 0.225 PER SHARE - US TAX,355947671,US03676B1026,ISIN,03676B102,US03676B1026,NYSE,,,,,,1,,,,,2022-02-09 20:20:00,2022-02-09,-118.13,Withholding Tax,,,919218707,2022-02-09,
U0001429,Portfolio1,,USD,0.91701,STK,CNQ,CNQ(CA1363851017) CASH DIVIDEND USD 0.601775 PER SHARE - CA TAX,11926119,CA1363851017,ISIN,136385101,CA1363851017,NYSE,,,,,,1,,,,,2022-04-05 20:20:00,2022-04-05,-27.08,Withholding Tax,,,1048643442,2022-04-05,
U0001429,Portfolio1,,USD,0.95113,STK,AM,AM(US03676B1026) CASH DIVIDEND USD 0.225 PER SHARE - US TAX,355947671,US03676B1026,ISIN,03676B102,US03676B1026,NYSE,,,,,,1,,,,,2022-05-11 20:20:00,2022-05-11,-118.13,Withholding Tax,,,1128043432,2022-05-11,
U0001429,Portfolio1,,USD,0.9842,STK,CNQ,CNQ(CA1363851017) CASH DIVIDEND USD 0.573521 PER SHARE - CA TAX,11926119,CA1363851017,ISIN,136385101,CA1363851017,NYSE,,,,,,1,,,,,2022-07-05 20:20:00,2022-07-05,-25.8,Withholding Tax,,,1240507159,2022-07-07,
U0001429,Portfolio1,,USD,0.97101,STK,AM,AM(US03676B1026) CASH DIVIDEND USD 0.225 PER SHARE - US TAX,355947671,US03676B1026,ISIN,03676B102,US03676B1026,NYSE,,,,,,1,,,,,2022-08-10 20:20:00,2022-08-10,-118.13,Withholding Tax,,,1302005900,2022-08-10,
U0001429,Portfolio1,,USD,1.0054,STK,CNQ,CNQ(CA1363851017) CASH DIVIDEND USD 1.143057 PER SHARE - CA TAX,11926119,CA1363851017,ISIN,136385101,CA1363851017,NYSE,,,,,,1,,,,,2022-08-31 20:20:00,2022-08-31,-44.4,Withholding Tax,,,1342924724,2022-09-01,
U0001429,Portfolio1,,USD,1.0044,STK,CNQ,CNQ(CA1363851017) CASH DIVIDEND USD 1.143057 PER SHARE - CA TAX,11926119,CA1363851017,ISIN,136385101,CA1363851017,NYSE,,,,,,1,,,,,2022-08-31 20:20:00,2022-08-31,44.4,Withholding Tax,,,1346367589,2022-09-02,
U0001429,Portfolio1,,USD,1.0044,STK,CNQ,CNQ(CA1363851017) CASH DIVIDEND USD 1.143057 PER SHARE - CA TAX,11926119,CA1363851017,ISIN,136385101,CA1363851017,NYSE,,,,,,1,,,,,2022-08-31 20:20:00,2022-08-31,-44.51,Withholding Tax,,,1346367590,2022-09-02,
U0001429,Portfolio1,,USD,1.0044,STK,CNQ,CNQ(CA1363851017) CASH DIVIDEND USD 1.143057 PER SHARE - CA TAX,11926119,CA1363851017,ISIN,136385101,CA1363851017,NYSE,,,,,,1,,,,,2022-08-31 20:20:00,2022-08-31,44.51,Withholding Tax,,,1346368699,2022-09-02,
U0001429,Portfolio1,,USD,1.0044,STK,CNQ,CNQ(CA1363851017) CASH DIVIDEND USD 1.143057 PER SHARE - CA TAX,11926119,CA1363851017,ISIN,136385101,CA1363851017,NYSE,,,,,,1,,,,,2022-08-31 20:20:00,2022-08-31,-44.4,Withholding Tax,,,1346381558,2022-09-02,
U0001429,Portfolio1,,USD,1.0213,STK,CNQ,CNQ(CA1363851017) CASH DIVIDEND USD 0.549488 PER SHARE - CA TAX,11926119,CA1363851017,ISIN,136385101,CA1363851017,NYSE,,,,,,1,,,,,2022-10-05 20:20:00,2022-10-05,-24.64,Withholding Tax,,,1410193691,2022-10-06,
U0001429,Portfolio1,,USD,0.99879,STK,AM,AM(US03676B1026) CASH DIVIDEND USD 0.225 PER SHARE - US TAX,355947671,US03676B1026,ISIN,03676B102,US03676B1026,NYSE,,,,,,1,,,,,2022-11-09 20:20:00,2022-11-09,-118.13,Withholding Tax,,,1476869360,2022-11-09,
U0001429,Portfolio1,,USD,0.88397,STK,CNQ,CNQ(CA1363851017) CASH DIVIDEND USD 0.462041 PER SHARE (Ordinary Dividend),11926119,CA1363851017,ISIN,136385101,CA1363851017,NYSE,,,,,,1,,,,,2022-01-05 20:20:00,2022-01-05,184.81,Dividends,,,829757884,2022-01-05,
U0001429,Portfolio1,,USD,0.8754,STK,AM,AM(US03676B1026) CASH DIVIDEND USD 0.225 PER SHARE (Ordinary Dividend),355947671,US03676B1026,ISIN,03676B102,US03676B1026,NYSE,,,,,,1,,,,,2022-02-09 20:20:00,2022-02-09,787.5,Dividends,,,919218704,2022-02-09,
U0001429,Portfolio1,,USD,0.91701,STK,CNQ,CNQ(CA1363851017) CASH DIVIDEND USD 0.601775 PER SHARE (Ordinary Dividend),11926119,CA1363851017,ISIN,136385101,CA1363851017,NYSE,,,,,,1,,,,,2022-04-05 20:20:00,2022-04-05,180.53,Dividends,,,1048643440,2022-04-05,
U0001429,Portfolio1,,USD,0.95113,STK,AM,AM(US03676B1026) CASH DIVIDEND USD 0.225 PER SHARE (Ordinary Dividend),355947671,US03676B1026,ISIN,03676B102,US03676B1026,NYSE,,,,,,1,,,,,2022-05-11 20:20:00,2022-05-11,787.5,Dividends,,,1128043431,2022-05-11,
U0001429,Portfolio1,,USD,0.9842,STK,CNQ,CNQ(CA1363851017) CASH DIVIDEND USD 0.573521 PER SHARE (Ordinary Dividend),11926119,CA1363851017,ISIN,136385101,CA1363851017,NYSE,,,,,,1,,,,,2022-07-05 20:20:00,2022-07-05,172.05,Dividends,,,1240507158,2022-07-07,
U0001429,Portfolio1,,USD,0.97101,STK,AM,AM(US03676B1026) CASH DIVIDEND USD 0.225 PER SHARE (Ordinary Dividend),355947671,US03676B1026,ISIN,03676B102,US03676B1026,NYSE,,,,,,1,,,,,2022-08-10 20:20:00,2022-08-10,787.5,Dividends,,,1302005898,2022-08-10,
U0001429,Portfolio1,,USD,1.0054,STK,CNQ,CNQ(CA1363851017) CASH DIVIDEND USD 1.143057 PER SHARE (Bonus Dividend),11926119,CA1363851017,ISIN,136385101,CA1363851017,NYSE,,,,,,1,,,,,2022-08-31 20:20:00,2022-08-31,296.04,Dividends,,,1342924723,2022-09-01,
U0001429,Portfolio1,,USD,1.0044,STK,CNQ,CNQ(CA1363851017) CASH DIVIDEND USD 1.143057 PER SHARE - REVERSAL (Bonus Dividend),11926119,CA1363851017,ISIN,136385101,CA1363851017,NYSE,,,,,,1,,,,,2022-08-31 20:20:00,2022-08-31,-296.04,Dividends,,,1346367587,2022-09-02,
U0001429,Portfolio1,,USD,1.0044,STK,CNQ,CNQ(CA1363851017) CASH DIVIDEND USD 1.143057 PER SHARE (Bonus Dividend),11926119,CA1363851017,ISIN,136385101,CA1363851017,NYSE,,,,,,1,,,,,2022-08-31 20:20:00,2022-08-31,296.05,Dividends,,,1346367588,2022-09-02,
U0001429,Portfolio1,,USD,1.0044,STK,CNQ,CNQ(CA1363851017) CASH DIVIDEND USD 1.143057 PER SHARE - REVERSAL (Bonus Dividend),11926119,CA1363851017,ISIN,136385101,CA1363851017,NYSE,,,,,,1,,,,,2022-08-31 20:20:00,2022-08-31,-296.05,Dividends,,,1346381556,2022-09-02,
U0001429,Portfolio1,,USD,1.0044,STK,CNQ,CNQ(CA1363851017) CASH DIVIDEND USD 1.143057 PER SHARE (Bonus Dividend),11926119,CA1363851017,ISIN,136385101,CA1363851017,NYSE,,,,,,1,,,,,2022-08-31 20:20:00,2022-08-31,296.04,Dividends,,,1346381557,2022-09-02,
U0001429,Portfolio1,,USD,1.0213,STK,CNQ,CNQ(CA1363851017) CASH DIVIDEND USD 0.549488 PER SHARE (Ordinary Dividend),11926119,CA1363851017,ISIN,136385101,CA1363851017,NYSE,,,,,,1,,,,,2022-10-05 20:20:00,2022-10-05,164.29,Dividends,,,1410193690,2022-10-06,
U0001429,Portfolio1,,USD,0.99879,STK,AM,AM(US03676B1026) CASH DIVIDEND USD 0.225 PER SHARE (Ordinary Dividend),355947671,US03676B1026,ISIN,03676B102,US03676B1026,NYSE,,,,,,1,,,,,2022-11-09 20:20:00,2022-11-09,787.5,Dividends,,,1476869359,2022-11-09,
U0001429,Portfolio1,,USD,1.0054,STK,CNQ,CNQ(CA1363851017) PAYMENT IN LIEU OF DIVIDEND (Bonus Dividend),11926119,CA1363851017,ISIN,136385101,CA1363851017,NYSE,,,,,,1,,,,,2022-08-31 20:20:00,2022-08-31,46.87,Payment In Lieu Of Dividends,,,1342924725,2022-09-01,
U0001429,Portfolio1,,USD,1.0213,STK,CNQ,CNQ(CA1363851017) PAYMENT IN LIEU OF DIVIDEND (Ordinary Dividend),11926119,CA1363851017,ISIN,136385101,CA1363851017,NYSE,,,,,,1,,,,,2022-10-05 20:20:00,2022-10-05,0.55,Payment In Lieu Of Dividends,,,1410193689,2022-10-06,
U0008402,Portfolio2,,USD,0.87591,STK,AM,AM(US03676B1026) CASH DIVIDEND USD 0.225 PER SHARE - US TAX,355947671,US03676B1026,ISIN,03676B102,US03676B1026,NYSE,,,,,,1,,,,,2021-05-12 20:20:00,2021-05-12,168.75,Withholding Tax,,,915472640,2022-02-08,
U0008402,Portfolio2,,USD,0.87591,STK,AM,AM(US03676B1026) CASH DIVIDEND USD 0.225 PER SHARE - US TAX,355947671,US03676B1026,ISIN,03676B102,US03676B1026,NYSE,,,,,,1,,,,,2021-05-12 20:20:00,2021-05-12,-30.38,Withholding Tax,,,915472641,2022-02-08,
U0008402,Portfolio2,,USD,0.87591,STK,AM,AM(US03676B1026) CASH DIVIDEND USD 0.225 PER SHARE - US TAX,355947671,US03676B1026,ISIN,03676B102,US03676B1026,NYSE,,,,,,1,,,,,2021-08-11 20:20:00,2021-08-11,151.88,Withholding Tax,,,915472638,2022-02-08,
U0008402,Portfolio2,,USD,0.87591,STK,AM,AM(US03676B1026) CASH DIVIDEND USD 0.225 PER SHARE - US TAX,355947671,US03676B1026,ISIN,03676B102,US03676B1026,NYSE,,,,,,1,,,,,2021-08-11 20:20:00,2021-08-11,-27.34,Withholding Tax,,,915472639,2022-02-08,
U0008402,Portfolio2,,USD,0.87591,STK,AM,AM(US03676B1026) CASH DIVIDEND USD 0.225 PER SHARE - US TAX,355947671,US03676B1026,ISIN,03676B102,US03676B1026,NYSE,,,,,,1,,,,,2021-11-10 20:20:00,2021-11-10,151.88,Withholding Tax,,,915472642,2022-02-08,
U0008402,Portfolio2,,USD,0.87591,STK,AM,AM(US03676B1026) CASH DIVIDEND USD 0.225 PER SHARE - US TAX,355947671,US03676B1026,ISIN,03676B102,US03676B1026,NYSE,,,,,,1,,,,,2021-11-10 20:20:00,2021-11-10,-27.34,Withholding Tax,,,915472643,2022-02-08,
U0008402,Portfolio2,,USD,0.88397,STK,CNQ,CNQ(CA1363851017) CASH DIVIDEND USD 0.462041 PER SHARE - CA TAX,11926119,CA1363851017,ISIN,136385101,CA1363851017,NYSE,,,,,,1,,,,,2022-01-05 20:20:00,2022-01-05,-20.79,Withholding Tax,,,829757840,2022-01-05,
U0008402,Portfolio2,,USD,0.8754,STK,AM,AM(US03676B1026) CASH DIVIDEND USD 0.225 PER SHARE - US TAX,355947671,US03676B1026,ISIN,03676B102,US03676B1026,NYSE,,,,,,1,,,,,2022-02-09 20:20:00,2022-02-09,-97.4,Withholding Tax,,,919218663,2022-02-09,
U0008402,Portfolio2,,USD,0.8754,STK,AM,AM(US03676B1026) PAYMENT IN LIEU OF DIVIDEND - US TAX,355947671,US03676B1026,ISIN,03676B102,US03676B1026,NYSE,,,,,,1,,,,,2022-02-09 20:20:00,2022-02-09,-37.6,Withholding Tax,,,919218666,2022-02-09,
U0008402,Portfolio2,,USD,0.91701,STK,CNQ,CNQ(CA1363851017) CASH DIVIDEND USD 0.601775 PER SHARE - CA TAX,11926119,CA1363851017,ISIN,136385101,CA1363851017,NYSE,,,,,,1,,,,,2022-04-05 20:20:00,2022-04-05,-26.63,Withholding Tax,,,1048643407,2022-04-05,
U0008402,Portfolio2,,USD,0.95113,STK,AM,AM(US03676B1026) CASH DIVIDEND USD 0.225 PER SHARE - US TAX,355947671,US03676B1026,ISIN,03676B102,US03676B1026,NYSE,,,,,,1,,,,,2022-05-11 20:20:00,2022-05-11,-135,Withholding Tax,,,1128043396,2022-05-11,
U0008402,Portfolio2,,USD,0.9842,STK,CNQ,CNQ(CA1363851017) CASH DIVIDEND USD 0.573521 PER SHARE - CA TAX,11926119,CA1363851017,ISIN,136385101,CA1363851017,NYSE,,,,,,1,,,,,2022-07-05 20:20:00,2022-07-05,-22.71,Withholding Tax,,,1240507156,2022-07-07,
U0008402,Portfolio2,,USD,0.97101,STK,AM,AM(US03676B1026) PAYMENT IN LIEU OF DIVIDEND - US TAX,355947671,US03676B1026,ISIN,03676B102,US03676B1026,NYSE,,,,,,1,,,,,2022-08-10 20:20:00,2022-08-10,-1.89,Withholding Tax,,,1302005706,2022-08-10,
U0008402,Portfolio2,,USD,0.97101,STK,AM,AM(US03676B1026) CASH DIVIDEND USD 0.225 PER SHARE - US TAX,355947671,US03676B1026,ISIN,03676B102,US03676B1026,NYSE,,,,,,1,,,,,2022-08-10 20:20:00,2022-08-10,-133.11,Withholding Tax,,,1302005709,2022-08-10,
U0008402,Portfolio2,,USD,1.0054,STK,CNQ,CNQ(CA1363851017) CASH DIVIDEND USD 1.143057 PER SHARE - CA TAX,11926119,CA1363851017,ISIN,136385101,CA1363851017,NYSE,,,,,,1,,,,,2022-08-31 20:20:00,2022-08-31,-44.23,Withholding Tax,,,1342924705,2022-09-01,
U0008402,Portfolio2,,USD,1.0044,STK,CNQ,CNQ(CA1363851017) CASH DIVIDEND USD 1.143057 PER SHARE - CA TAX,11926119,CA1363851017,ISIN,136385101,CA1363851017,NYSE,,,,,,1,,,,,2022-08-31 20:20:00,2022-08-31,44.23,Withholding Tax,,,1346367563,2022-09-02,
U0008402,Portfolio2,,USD,1.0044,STK,CNQ,CNQ(CA1363851017) CASH DIVIDEND USD 1.143057 PER SHARE - CA TAX,11926119,CA1363851017,ISIN,136385101,CA1363851017,NYSE,,,,,,1,,,,,2022-08-31 20:20:00,2022-08-31,-44.34,Withholding Tax,,,1346367564,2022-09-02,
U0008402,Portfolio2,,USD,1.0044,STK,CNQ,CNQ(CA1363851017) CASH DIVIDEND USD 1.143057 PER SHARE - CA TAX,11926119,CA1363851017,ISIN,136385101,CA1363851017,NYSE,,,,,,1,,,,,2022-08-31 20:20:00,2022-08-31,44.34,Withholding Tax,,,1346368691,2022-09-02,
U0008402,Portfolio2,,USD,1.0044,STK,CNQ,CNQ(CA1363851017) CASH DIVIDEND USD 1.143057 PER SHARE - CA TAX,11926119,CA1363851017,ISIN,136385101,CA1363851017,NYSE,,,,,,1,,,,,2022-08-31 20:20:00,2022-08-31,-44.23,Withholding Tax,,,1346381545,2022-09-02,
U0008402,Portfolio2,,USD,1.0213,STK,CNQ,CNQ(CA1363851017) CASH DIVIDEND USD 0.549488 PER SHARE - CA TAX,11926119,CA1363851017,ISIN,136385101,CA1363851017,NYSE,,,,,,1,,,,,2022-10-05 20:20:00,2022-10-05,-24.31,Withholding Tax,,,1410193660,2022-10-06,
U0008402,Portfolio2,,USD,0.99879,STK,AM,AM(US03676B1026) CASH DIVIDEND USD 0.225 PER SHARE - US TAX,355947671,US03676B1026,ISIN,03676B102,US03676B1026,NYSE,,,,,,1,,,,,2022-11-09 20:20:00,2022-11-09,-135,Withholding Tax,,,1476869323,2022-11-09,
U0008402,Portfolio2,,USD,0.88397,STK,CNQ,CNQ(CA1363851017) CASH DIVIDEND USD 0.462041 PER SHARE (Ordinary Dividend),11926119,CA1363851017,ISIN,136385101,CA1363851017,NYSE,,,,,,1,,,,,2022-01-05 20:20:00,2022-01-05,138.61,Dividends,,,829757839,2022-01-05,
U0008402,Portfolio2,,USD,0.8754,STK,AM,AM(US03676B1026) CASH DIVIDEND USD 0.225 PER SHARE (Ordinary Dividend),355947671,US03676B1026,ISIN,03676B102,US03676B1026,NYSE,,,,,,1,,,,,2022-02-09 20:20:00,2022-02-09,649.35,Dividends,,,919218662,2022-02-09,
U0008402,Portfolio2,,USD,0.91701,STK,CNQ,CNQ(CA1363851017) CASH DIVIDEND USD 0.601775 PER SHARE (Ordinary Dividend),11926119,CA1363851017,ISIN,136385101,CA1363851017,NYSE,,,,,,1,,,,,2022-04-05 20:20:00,2022-04-05,177.53,Dividends,,,1048643405,2022-04-05,
U0008402,Portfolio2,,USD,0.95113,STK,AM,AM(US03676B1026) CASH DIVIDEND USD 0.225 PER SHARE (Ordinary Dividend),355947671,US03676B1026,ISIN,03676B102,US03676B1026,NYSE,,,,,,1,,,,,2022-05-11 20:20:00,2022-05-11,900,Dividends,,,1128043394,2022-05-11,
U0008402,Portfolio2,,USD,0.9842,STK,CNQ,CNQ(CA1363851017) CASH DIVIDEND USD 0.573521 PER SHARE (Ordinary Dividend),11926119,CA1363851017,ISIN,136385101,CA1363851017,NYSE,,,,,,1,,,,,2022-07-05 20:20:00,2022-07-05,151.41,Dividends,,,1240507155,2022-07-07,
U0008402,Portfolio2,,USD,0.97101,STK,AM,AM(US03676B1026) CASH DIVIDEND USD 0.225 PER SHARE (Ordinary Dividend),355947671,US03676B1026,ISIN,03676B102,US03676B1026,NYSE,,,,,,1,,,,,2022-08-10 20:20:00,2022-08-10,887.4,Dividends,,,1302005708,2022-08-10,
U0008402,Portfolio2,,USD,1.0054,STK,CNQ,CNQ(CA1363851017) CASH DIVIDEND USD 1.143057 PER SHARE (Bonus Dividend),11926119,CA1363851017,ISIN,136385101,CA1363851017,NYSE,,,,,,1,,,,,2022-08-31 20:20:00,2022-08-31,294.9,Dividends,,,1342924704,2022-09-01,
U0008402,Portfolio2,,USD,1.0044,STK,CNQ,CNQ(CA1363851017) CASH DIVIDEND USD 1.143057 PER SHARE - REVERSAL (Bonus Dividend),11926119,CA1363851017,ISIN,136385101,CA1363851017,NYSE,,,,,,1,,,,,2022-08-31 20:20:00,2022-08-31,-294.9,Dividends,,,1346367561,2022-09-02,
U0008402,Portfolio2,,USD,1.0044,STK,CNQ,CNQ(CA1363851017) CASH DIVIDEND USD 1.143057 PER SHARE (Bonus Dividend),11926119,CA1363851017,ISIN,136385101,CA1363851017,NYSE,,,,,,1,,,,,2022-08-31 20:20:00,2022-08-31,294.91,Dividends,,,1346367562,2022-09-02,
U0008402,Portfolio2,,USD,1.0044,STK,CNQ,CNQ(CA1363851017) CASH DIVIDEND USD 1.143057 PER SHARE - REVERSAL (Bonus Dividend),11926119,CA1363851017,ISIN,136385101,CA1363851017,NYSE,,,,,,1,,,,,2022-08-31 20:20:00,2022-08-31,-294.91,Dividends,,,1346381543,2022-09-02,
U0008402,Portfolio2,,USD,1.0044,STK,CNQ,CNQ(CA1363851017) CASH DIVIDEND USD 1.143057 PER SHARE (Bonus Dividend),11926119,CA1363851017,ISIN,136385101,CA1363851017,NYSE,,,,,,1,,,,,2022-08-31 20:20:00,2022-08-31,294.9,Dividends,,,1346381544,2022-09-02,
U0008402,Portfolio2,,USD,1.0213,STK,CNQ,CNQ(CA1363851017) CASH DIVIDEND USD 0.549488 PER SHARE (Ordinary Dividend),11926119,CA1363851017,ISIN,136385101,CA1363851017,NYSE,,,,,,1,,,,,2022-10-05 20:20:00,2022-10-05,162.09,Dividends,,,1410193659,2022-10-06,
U0008402,Portfolio2,,USD,0.99879,STK,AM,AM(US03676B1026) CASH DIVIDEND USD 0.225 PER SHARE (Ordinary Dividend),355947671,US03676B1026,ISIN,03676B102,US03676B1026,NYSE,,,,,,1,,,,,2022-11-09 20:20:00,2022-11-09,900,Dividends,,,1476869322,2022-11-09,
U0008402,Portfolio2,,USD,0.8754,STK,AM,AM(US03676B1026) PAYMENT IN LIEU OF DIVIDEND (Ordinary Dividend),355947671,US03676B1026,ISIN,03676B102,US03676B1026,NYSE,,,,,,1,,,,,2022-02-09 20:20:00,2022-02-09,250.65,Payment In Lieu Of Dividends,,,919218665,2022-02-09,
U0008402,Portfolio2,,USD,0.91701,STK,CNQ,CNQ(CA1363851017) PAYMENT IN LIEU OF DIVIDEND (Ordinary Dividend),11926119,CA1363851017,ISIN,136385101,CA1363851017,NYSE,,,,,,1,,,,,2022-04-05 20:20:00,2022-04-05,3.01,Payment In Lieu Of Dividends,,,1048643408,2022-04-05,
U0008402,Portfolio2,,USD,0.9842,STK,CNQ,CNQ(CA1363851017) PAYMENT IN LIEU OF DIVIDEND (Ordinary Dividend),11926119,CA1363851017,ISIN,136385101,CA1363851017,NYSE,,,,,,1,,,,,2022-07-05 20:20:00,2022-07-05,20.65,Payment In Lieu Of Dividends,,,1240507154,2022-07-07,
U0008402,Portfolio2,,USD,0.97101,STK,AM,AM(US03676B1026) PAYMENT IN LIEU OF DIVIDEND (Ordinary Dividend),355947671,US03676B1026,ISIN,03676B102,US03676B1026,NYSE,,,,,,1,,,,,2022-08-10 20:20:00,2022-08-10,12.6,Payment In Lieu Of Dividends,,,1302005704,2022-08-10,
U0008402,Portfolio2,,USD,1.0054,STK,CNQ,CNQ(CA1363851017) PAYMENT IN LIEU OF DIVIDEND (Bonus Dividend),11926119,CA1363851017,ISIN,136385101,CA1363851017,NYSE,,,,,,1,,,,,2022-08-31 20:20:00,2022-08-31,48.01,Payment In Lieu Of Dividends,,,1342924706,2022-09-01,
U0008402,Portfolio2,,USD,1.0213,STK,CNQ,CNQ(CA1363851017) PAYMENT IN LIEU OF DIVIDEND (Ordinary Dividend),11926119,CA1363851017,ISIN,136385101,CA1363851017,NYSE,,,,,,1,,,,,2022-10-05 20:20:00,2022-10-05,2.75,Payment In Lieu Of Dividends,,,1410193658,2022-10-06,
