ClientAccountID,AccountAlias,Model,CurrencyPrimary,FXRateToBase,AssetClass,Symbol,Description,Conid,SecurityID,SecurityIDType,CUSIP,ISIN,ListingExchange,UnderlyingConid,UnderlyingSymbol,UnderlyingSecurityID,UnderlyingListingExchange,Issuer,Multiplier,Strike,Expiry,Put/Call,PrincipalAdjustFactor,Date/Time,SettleDate,Amount,Type,TradeID,Code,TransactionID,ReportDate,ClientReference
U0001429,Portfolio1,,USD,0.82432,STK,AM,AM(US03676B1026) CASH DIVIDEND USD 0.3075 PER SHARE - US TAX,355947671,US03676B1026,ISIN,03676B102,US03676B1026,NYSE,,,,,,1,,,,,2021-02-11 20:20:00,2021-02-11,-230.63,Withholding Tax,,,53592590,2021-02-11,
U0001429,Portfolio1,,USD,0.84654,STK,CNQ,CNQ(CA1363851017) CASH DIVIDEND USD 0.375484 PER SHARE - CA TAX,11926119,CA1363851017,ISIN,136385101,CA1363851017,NYSE,,,,,,1,,,,,2021-04-05 20:20:00,2021-04-05,-28.17,Withholding Tax,,,166387552,2021-04-05,
U0001429,Portfolio1,,USD,0.82844,STK,AM,AM(US03676B1026) CASH DIVIDEND USD 0.225 PER SHARE - US TAX,355947671,US03676B1026,ISIN,03676B102,US03676B1026,NYSE,,,,,,1,,,,,2021-05-12 20:20:00,2021-05-12,-151.88,Withholding Tax,,,245833363,2021-05-12,
U0001429,Portfolio1,,USD,0.8458,STK,CNQ,CNQ(CA1363851017) CASH DIVIDEND USD 0.376177 PER SHARE - CA TAX,11926119,CA1363851017,ISIN,136385101,CA1363851017,NYSE,,,,,,1,,,,,2021-07-06 20:20:00,2021-07-06,-22.57,Withholding Tax,,,364979694,2021-07-06,
U0001429,Portfolio1,,USD,0.85184,STK,AM,AM(US03676B1026) CASH DIVIDEND USD 0.225 PER SHARE - US TAX,355947671,US03676B1026,ISIN,03676B102,US03676B1026,NYSE,,,,,,1,,,,,2021-08-11 20:20:00,2021-08-11,-135,Withholding Tax,,,445479219,2021-08-11,
U0001429,Portfolio1,,USD,0.86227,STK,CNQ,CNQ(CA1363851017) CASH DIVIDEND USD 0.373676 PER SHARE - CA TAX,11926119,CA1363851017,ISIN,136385101,CA1363851017,NYSE,,,,,,1,,,,,2021-10-05 20:20:00,2021-10-05,-22.42,Withholding Tax,,,575735202,2021-10-05,
U0001429,Portfolio1,,USD,0.87126,STK,AM,AM(US03676B1026) CASH DIVIDEND USD 0.225 PER SHARE - US TAX,355947671,US03676B1026,ISIN,03676B102,US03676B1026,NYSE,,,,,,1,,,,,2021-11-10 20:20:00,2021-11-10,-135,Withholding Tax,,,670192396,2021-11-10,
U0001429,Portfolio1,,USD,0.82432,STK,AM,AM(US03676B1026) CASH DIVIDEND USD 0.3075 PER SHARE (Ordinary Dividend),355947671,US03676B1026,ISIN,03676B102,US03676B1026,NYSE,,,,,,1,,,,,2021-02-11 20:20:00,2021-02-11,1537.5,Dividends,,,53592577,2021-02-11,
U0001429,Portfolio1,,USD,0.84654,STK,CNQ,CNQ(CA1363851017) CASH DIVIDEND USD 0.375484 PER SHARE (Ordinary Dividend),11926119,CA1363851017,ISIN,136385101,CA1363851017,NYSE,,,,,,1,,,,,2021-04-05 20:20:00,2021-04-05,187.75,Dividends,,,166387549,2021-04-05,
U0001429,Portfolio1,,USD,0.82844,STK,AM,AM(US03676B1026) CASH DIVIDEND USD 0.225 PER SHARE (Ordinary Dividend),355947671,US03676B1026,ISIN,03676B102,US03676B1026,NYSE,,,,,,1,,,,,2021-05-12 20:20:00,2021-05-12,1012.5,Dividends,,,245833361,2021-05-12,
U0001429,Portfolio1,,USD,0.8458,STK,CNQ,CNQ(CA1363851017) CASH DIVIDEND USD 0.376177 PER SHARE (Ordinary Dividend),11926119,CA1363851017,ISIN,136385101,CA1363851017,NYSE,,,,,,1,,,,,2021-07-06 20:20:00,2021-07-06,150.47,Dividends,,,364979693,2021-07-06,
U0001429,Portfolio1,,USD,0.85184,STK,AM,AM(US03676B1026) CASH DIVIDEND USD 0.225 PER SHARE (Ordinary Dividend),355947671,US03676B1026,ISIN,03676B102,US03676B1026,NYSE,,,,,,1,,,,,2021-08-11 20:20:00,2021-08-11,900,Dividends,,,445479218,2021-08-11,
U0001429,Portfolio1,,USD,0.86227,STK,CNQ,CNQ(CA1363851017) CASH DIVIDEND USD 0.373676 PER SHARE (Ordinary Dividend),11926119,CA1363851017,ISIN,136385101,CA1363851017,NYSE,,,,,,1,,,,,2021-10-05 20:20:00,2021-10-05,149.47,Dividends,,,575735200,2021-10-05,
U0001429,Portfolio1,,USD,0.87126,STK,AM,AM(US03676B1026) CASH DIVIDEND USD 0.225 PER SHARE (Ordinary Dividend),355947671,US03676B1026,ISIN,03676B102,US03676B1026,NYSE,,,,,,1,,,,,2021-11-10 20:20:00,2021-11-10,900,Dividends,,,670192391,2021-11-10,
U0008402,Portfolio2,,USD,0.84654,STK,CNQ,CNQ(CA1363851017) CASH DIVIDEND USD 0.375484 PER SHARE - CA TAX,11926119,CA1363851017,ISIN,136385101,CA1363851017,NYSE,,,,,,1,,,,,2021-04-05 20:20:00,2021-04-05,-28.16,Withholding Tax,,,166387522,2021-04-05,
U0008402,Portfolio2,,USD,0.82844,STK,AM,AM(US03676B1026) CASH DIVIDEND USD 0.225 PER SHARE - US TAX,355947671,US03676B1026,ISIN,03676B102,US03676B1026,NYSE,,,,,,1,,,,,2021-05-12 20:20:00,2021-05-12,-168.75,Withholding Tax,,,245833243,2021-05-12,
U0008402,Portfolio2,,USD,0.8458,STK,CNQ,CNQ(CA1363851017) CASH DIVIDEND USD 0.376177 PER SHARE - CA TAX,11926119,CA1363851017,ISIN,136385101,CA1363851017,NYSE,,,,,,1,,,,,2021-07-06 20:20:00,2021-07-06,-16.93,Withholding Tax,,,364979629,2021-07-06,
U0008402,Portfolio2,,USD,0.85184,STK,AM,AM(US03676B1026) CASH DIVIDEND USD 0.225 PER SHARE - US TAX,355947671,US03676B1026,ISIN,03676B102,US03676B1026,NYSE,,,,,,1,,,,,2021-08-11 20:20:00,2021-08-11,-151.88,Withholding Tax,,,445479185,2021-08-11,
U0008402,Portfolio2,,USD,0.86227,STK,CNQ,CNQ(CA1363851017) CASH DIVIDEND USD 0.373676 PER SHARE - CA TAX,11926119,CA1363851017,ISIN,136385101,CA1363851017,NYSE,,,,,,1,,,,,2021-10-05 20:20:00,2021-10-05,-16.81,Withholding Tax,,,575735178,2021-10-05,
U0008402,Portfolio2,,USD,0.87126,STK,AM,AM(US03676B1026) CASH DIVIDEND USD 0.225 PER SHARE - US TAX,355947671,US03676B1026,ISIN,03676B102,US03676B1026,NYSE,,,,,,1,,,,,2021-11-10 20:20:00,2021-11-10,-151.88,Withholding Tax,,,670192406,2021-11-10,
U0008402,Portfolio2,,USD,0.84654,STK,CNQ,CNQ(CA1363851017) CASH DIVIDEND USD 0.375484 PER SHARE (Ordinary Dividend),11926119,CA1363851017,ISIN,136385101,CA1363851017,NYSE,,,,,,1,,,,,2021-04-05 20:20:00,2021-04-05,187.74,Dividends,,,166387512,2021-04-05,
U0008402,Portfolio2,,USD,0.82844,STK,AM,AM(US03676B1026) CASH DIVIDEND USD 0.225 PER SHARE (Ordinary Dividend),355947671,US03676B1026,ISIN,03676B102,US03676B1026,NYSE,,,,,,1,,,,,2021-05-12 20:20:00,2021-05-12,1125,Dividends,,,245833239,2021-05-12,
U0008402,Portfolio2,,USD,0.8458,STK,CNQ,CNQ(CA1363851017) CASH DIVIDEND USD 0.376177 PER SHARE (Ordinary Dividend),11926119,CA1363851017,ISIN,136385101,CA1363851017,NYSE,,,,,,1,,,,,2021-07-06 20:20:00,2021-07-06,112.86,Dividends,,,364979628,2021-07-06,
U0008402,Portfolio2,,USD,0.85184,STK,AM,AM(US03676B1026) CASH DIVIDEND USD 0.225 PER SHARE (Ordinary Dividend),355947671,US03676B1026,ISIN,03676B102,US03676B1026,NYSE,,,,,,1,,,,,2021-08-11 20:20:00,2021-08-11,1012.5,Dividends,,,445479183,2021-08-11,
U0008402,Portfolio2,,USD,0.86227,STK,CNQ,CNQ(CA1363851017) CASH DIVIDEND USD 0.373676 PER SHARE (Ordinary Dividend),11926119,CA1363851017,ISIN,136385101,CA1363851017,NYSE,,,,,,1,,,,,2021-10-05 20:20:00,2021-10-05,112.1,Dividends,,,575735175,2021-10-05,
U0008402,Portfolio2,,USD,0.87126,STK,AM,AM(US03676B1026) CASH DIVIDEND USD 0.225 PER SHARE (Ordinary Dividend),355947671,US03676B1026,ISIN,03676B102,US03676B1026,NYSE,,,,,,1,,,,,2021-11-10 20:20:00,2021-11-10,1012.5,Dividends,,,670192401,2021-11-10,
