ClientAccountID,AccountAlias,Model,CurrencyPrimary,FXRateToBase,AssetClass,Symbol,Description,Conid,SecurityID,SecurityIDType,CUSIP,ISIN,ListingExchange,UnderlyingConid,UnderlyingSymbol,UnderlyingSecurityID,UnderlyingListingExchange,Issuer,Multiplier,Strike,Expiry,Put/Call,PrincipalAdjustFactor,Date/Time,SettleDate,Amount,Type,TradeID,Code,TransactionID,ReportDate,ClientReference
U0001429,Portfolio1,,USD,0.93565,STK,AM,AM(US03676B1026) CASH DIVIDEND USD 0.225 PER SHARE - US TAX,355947671,US03676B1026,ISIN,03676B102,US03676B1026,NYSE,,,,,,1,,,,,2022-05-11 20:20:00,2022-05-11,118.13,Withholding Tax,,,1674382171,2023-02-15,
U0001429,Portfolio1,,USD,0.93565,STK,AM,AM(US03676B1026) CASH DIVIDEND USD 0.225 PER SHARE - US TAX,355947671,US03676B1026,ISIN,03676B102,US03676B1026,NYSE,,,,,,1,,,,,2022-05-11 20:20:00,2022-05-11,-11.81,Withholding Tax,,,1674382172,2023-02-15,
U0001429,Portfolio1,,USD,0.93565,STK,AM,AM(US03676B1026) CASH DIVIDEND USD 0.225 PER SHARE - US TAX,355947671,US03676B1026,ISIN,03676B102,US03676B1026,NYSE,,,,,,1,,,,,2022-08-10 20:20:00,2022-08-10,118.13,Withholding Tax,,,1674382167,2023-02-15,
U0001429,Portfolio1,,USD,0.93565,STK,AM,AM(US03676B1026) CASH DIVIDEND USD 0.225 PER SHARE - US TAX,355947671,US03676B1026,ISIN,03676B102,US03676B1026,NYSE,,,,,,1,,,,,2022-08-10 20:20:00,2022-08-10,-11.81,Withholding Tax,,,1674382168,2023-02-15,
U0001429,Portfolio1,,USD,0.93565,STK,AM,AM(US03676B1026) CASH DIVIDEND USD 0.225 PER SHARE - US TAX,355947671,US03676B1026,ISIN,03676B102,US03676B1026,NYSE,,,,,,1,,,,,2022-11-09 20:20:00,2022-11-09,118.13,Withholding Tax,,,1674382165,2023-02-15,
U0001429,Portfolio1,,USD,0.93565,STK,AM,AM(US03676B1026) CASH DIVIDEND USD 0.225 PER SHARE - US TAX,355947671,US03676B1026,ISIN,03676B102,US03676B1026,NYSE,,,,,,1,,,,,2022-11-09 20:20:00,2022-11-09,-11.81,Withholding Tax,,,1674382166,2023-02-15,
U0001429,Portfolio1,,USD,0.93942,STK,CNQ,CNQ(CA1363851017) CASH DIVIDEND USD 0.625874 PER SHARE - CA TAX,11926119,CA1363851017,ISIN,136385101,CA1363851017,NYSE,,,,,,1,,,,,2023-01-05 20:20:00,2023-01-05,-28.16,Withholding Tax,,,1588407152,2023-01-06,
U0001429,Portfolio1,,USD,0.93343,STK,AM,AM(US03676B1026) CASH DIVIDEND USD 0.225 PER SHARE - US TAX,355947671,US03676B1026,ISIN,03676B102,US03676B1026,NYSE,,,,,,1,,,,,2023-02-08 20:20:00,2023-02-08,-118.13,Withholding Tax,,,1658529023,2023-02-08,
U0001429,Portfolio1,,USD,0.93565,STK,AM,AM(US03676B1026) CASH DIVIDEND USD 0.225 PER SHARE - US TAX,355947671,US03676B1026,ISIN,03676B102,US03676B1026,NYSE,,,,,,1,,,,,2023-02-15 13:23:28,2023-02-15,118.13,Withholding Tax,,,1674382169,2023-02-15,
U0001429,Portfolio1,,USD,0.93565,STK,AM,AM(US03676B1026) CASH DIVIDEND USD 0.225 PER SHARE - US TAX,355947671,US03676B1026,ISIN,03676B102,US03676B1026,NYSE,,,,,,1,,,,,2023-02-15 13:23:28,2023-02-15,-11.81,Withholding Tax,,,1674382170,2023-02-15,
U0001429,Portfolio1,,USD,0.91566,STK,CNQ,CNQ(CA1363851017) CASH DIVIDEND USD 0.668443 PER SHARE - CA TAX,11926119,CA1363851017,ISIN,136385101,CA1363851017,NYSE,,,,,,1,,,,,2023-04-05 20:20:00,2023-04-05,-30.08,Withholding Tax,,,1785442344,2023-04-06,
U0001429,Portfolio1,,USD,0.91052,STK,AM,AM(US03676B1026) CASH DIVIDEND USD 0.225 PER SHARE - US TAX,355947671,US03676B1026,ISIN,03676B102,US03676B1026,NYSE,,,,,,1,,,,,2023-05-10 20:20:00,2023-05-10,-118.13,Withholding Tax,,,1856804808,2023-05-10,
U0001429,Portfolio1,,USD,0.91816,STK,CNQ,CNQ(CA1363851017) CASH DIVIDEND USD 0.677024 PER SHARE - CA TAX,11926119,CA1363851017,ISIN,136385101,CA1363851017,NYSE,,,,,,1,,,,,2023-07-05 20:20:00,2023-07-05,-30.46,Withholding Tax,,,1981392802,2023-07-06,
U0001429,Portfolio1,,USD,0.91122,STK,AM,AM(US03676B1026) CASH DIVIDEND USD 0.225 PER SHARE - US TAX,355947671,US03676B1026,ISIN,03676B102,US03676B1026,NYSE,,,,,,1,,,,,2023-08-09 20:20:00,2023-08-09,-118.13,Withholding Tax,,,2058436013,2023-08-09,
U0001429,Portfolio1,,USD,0.94455,STK,CNQ,CNQ(CA1363851017) CASH DIVIDEND USD 0.654567 PER SHARE - CA TAX,11926119,CA1363851017,ISIN,136385101,CA1363851017,NYSE,,,,,,1,,,,,2023-10-05 20:20:00,2023-10-05,-14.23,Withholding Tax,,,2188277723,2023-10-06,
U0001429,Portfolio1,,USD,0.93377,STK,AM,AM(US03676B1026) CASH DIVIDEND USD 0.225 PER SHARE - US TAX,355947671,US03676B1026,ISIN,03676B102,US03676B1026,NYSE,,,,,,1,,,,,2023-11-08 20:20:00,2023-11-08,-118.13,Withholding Tax,,,2262110243,2023-11-08,
U0001429,Portfolio1,,USD,0.93942,STK,CNQ,CNQ(CA1363851017) CASH DIVIDEND USD 0.625874 PER SHARE (Ordinary Dividend),11926119,CA1363851017,ISIN,136385101,CA1363851017,NYSE,,,,,,1,,,,,2023-01-05 20:20:00,2023-01-05,187.76,Dividends,,,1588407151,2023-01-06,
U0001429,Portfolio1,,USD,0.93343,STK,AM,AM(US03676B1026) CASH DIVIDEND USD 0.225 PER SHARE (Ordinary Dividend),355947671,US03676B1026,ISIN,03676B102,US03676B1026,NYSE,,,,,,1,,,,,2023-02-08 20:20:00,2023-02-08,787.5,Dividends,,,1658529021,2023-02-08,
U0001429,Portfolio1,,USD,0.91566,STK,CNQ,CNQ(CA1363851017) CASH DIVIDEND USD 0.668443 PER SHARE (Ordinary Dividend),11926119,CA1363851017,ISIN,136385101,CA1363851017,NYSE,,,,,,1,,,,,2023-04-05 20:20:00,2023-04-05,200.53,Dividends,,,1785442343,2023-04-06,
U0001429,Portfolio1,,USD,0.91052,STK,AM,AM(US03676B1026) CASH DIVIDEND USD 0.225 PER SHARE (Ordinary Dividend),355947671,US03676B1026,ISIN,03676B102,US03676B1026,NYSE,,,,,,1,,,,,2023-05-10 20:20:00,2023-05-10,787.5,Dividends,,,1856804807,2023-05-10,
U0001429,Portfolio1,,USD,0.91816,STK,CNQ,CNQ(CA1363851017) CASH DIVIDEND USD 0.677024 PER SHARE (Ordinary Dividend),11926119,CA1363851017,ISIN,136385101,CA1363851017,NYSE,,,,,,1,,,,,2023-07-05 20:20:00,2023-07-05,203.1,Dividends,,,1981392801,2023-07-06,
U0001429,Portfolio1,,USD,0.91122,STK,AM,AM(US03676B1026) CASH DIVIDEND USD 0.225 PER SHARE (Ordinary Dividend),355947671,US03676B1026,ISIN,03676B102,US03676B1026,NYSE,,,,,,1,,,,,2023-08-09 20:20:00,2023-08-09,787.5,Dividends,,,2058436012,2023-08-09,
U0001429,Portfolio1,,USD,0.94455,STK,CNQ,CNQ(CA1363851017) CASH DIVIDEND USD 0.654567 PER SHARE (Ordinary Dividend),11926119,CA1363851017,ISIN,136385101,CA1363851017,NYSE,,,,,,1,,,,,2023-10-05 20:20:00,2023-10-05,94.91,Dividends,,,2188277722,2023-10-06,
U0001429,Portfolio1,,USD,0.93377,STK,AM,AM(US03676B1026) CASH DIVIDEND USD 0.225 PER SHARE (Ordinary Dividend),355947671,US03676B1026,ISIN,03676B102,US03676B1026,NYSE,,,,,,1,,,,,2023-11-08 20:20:00,2023-11-08,787.5,Dividends,,,2262110241,2023-11-08,
U0001429,Portfolio1,,USD,0.94455,STK,CNQ,CNQ(CA1363851017) PAYMENT IN LIEU OF DIVIDEND (Ordinary Dividend),11926119,CA1363851017,ISIN,136385101,CA1363851017,NYSE,,,,,,1,,,,,2023-10-05 20:20:00,2023-10-05,101.46,Payment In Lieu Of Dividends,,,2188277724,2023-10-06,
U0008402,Portfolio2,,USD,0.93565,STK,AM,AM(US03676B1026) CASH DIVIDEND USD 0.225 PER SHARE - US TAX,355947671,US03676B1026,ISIN,03676B102,US03676B1026,NYSE,,,,,,1,,,,,2022-05-11 20:20:00,2022-05-11,135,Withholding Tax,,,1674385647,2023-02-15,
U0008402,Portfolio2,,USD,0.93565,STK,AM,AM(US03676B1026) CASH DIVIDEND USD 0.225 PER SHARE - US TAX,355947671,US03676B1026,ISIN,03676B102,US03676B1026,NYSE,,,,,,1,,,,,2022-05-11 20:20:00,2022-05-11,-13.5,Withholding Tax,,,1674385648,2023-02-15,
U0008402,Portfolio2,,USD,0.93565,STK,AM,AM(US03676B1026) PAYMENT IN LIEU OF DIVIDEND - US TAX,355947671,US03676B1026,ISIN,03676B102,US03676B1026,NYSE,,,,,,1,,,,,2022-08-10 20:20:00,2022-08-10,1.89,Withholding Tax,,,1674385639,2023-02-15,
U0008402,Portfolio2,,USD,0.93565,STK,AM,AM(US03676B1026) PAYMENT IN LIEU OF DIVIDEND - US TAX,355947671,US03676B1026,ISIN,03676B102,US03676B1026,NYSE,,,,,,1,,,,,2022-08-10 20:20:00,2022-08-10,-0.19,Withholding Tax,,,1674385640,2023-02-15,
U0008402,Portfolio2,,USD,0.93565,STK,AM,AM(US03676B1026) CASH DIVIDEND USD 0.225 PER SHARE - US TAX,355947671,US03676B1026,ISIN,03676B102,US03676B1026,NYSE,,,,,,1,,,,,2022-08-10 20:20:00,2022-08-10,133.11,Withholding Tax,,,1674385641,2023-02-15,
U0008402,Portfolio2,,USD,0.93565,STK,AM,AM(US03676B1026) CASH DIVIDEND USD 0.225 PER SHARE - US TAX,355947671,US03676B1026,ISIN,03676B102,US03676B1026,NYSE,,,,,,1,,,,,2022-08-10 20:20:00,2022-08-10,-13.31,Withholding Tax,,,1674385642,2023-02-15,
U0008402,Portfolio2,,USD,0.93565,STK,AM,AM(US03676B1026) CASH DIVIDEND USD 0.225 PER SHARE - US TAX,355947671,US03676B1026,ISIN,03676B102,US03676B1026,NYSE,,,,,,1,,,,,2022-11-09 20:20:00,2022-11-09,135,Withholding Tax,,,1674385637,2023-02-15,
U0008402,Portfolio2,,USD,0.93565,STK,AM,AM(US03676B1026) CASH DIVIDEND USD 0.225 PER SHARE - US TAX,355947671,US03676B1026,ISIN,03676B102,US03676B1026,NYSE,,,,,,1,,,,,2022-11-09 20:20:00,2022-11-09,-13.5,Withholding Tax,,,1674385638,2023-02-15,
U0008402,Portfolio2,,USD,0.93942,STK,CNQ,CNQ(CA1363851017) CASH DIVIDEND USD 0.625874 PER SHARE - CA TAX,11926119,CA1363851017,ISIN,136385101,CA1363851017,NYSE,,,,,,1,,,,,2023-01-05 20:20:00,2023-01-05,-25.53,Withholding Tax,,,1588407121,2023-01-06,
U0008402,Portfolio2,,USD,0.93343,STK,AM,AM(US03676B1026) CASH DIVIDEND USD 0.225 PER SHARE - US TAX,355947671,US03676B1026,ISIN,03676B102,US03676B1026,NYSE,,,,,,1,,,,,2023-02-08 20:20:00,2023-02-08,-135,Withholding Tax,,,1658529001,2023-02-08,
U0008402,Portfolio2,,USD,0.93565,STK,AM,AM(US03676B1026) CASH DIVIDEND USD 0.225 PER SHARE - US TAX,355947671,US03676B1026,ISIN,03676B102,US03676B1026,NYSE,,,,,,1,,,,,2023-02-15 13:24:44,2023-02-15,97.4,Withholding Tax,,,1674385643,2023-02-15,
U0008402,Portfolio2,,USD,0.93565,STK,AM,AM(US03676B1026) CASH DIVIDEND USD 0.225 PER SHARE - US TAX,355947671,US03676B1026,ISIN,03676B102,US03676B1026,NYSE,,,,,,1,,,,,2023-02-15 13:24:44,2023-02-15,-9.74,Withholding Tax,,,1674385644,2023-02-15,
U0008402,Portfolio2,,USD,0.93565,STK,AM,AM(US03676B1026) PAYMENT IN LIEU OF DIVIDEND - US TAX,355947671,US03676B1026,ISIN,03676B102,US03676B1026,NYSE,,,,,,1,,,,,2023-02-15 13:24:44,2023-02-15,37.6,Withholding Tax,,,1674385645,2023-02-15,
U0008402,Portfolio2,,USD,0.93565,STK,AM,AM(US03676B1026) PAYMENT IN LIEU OF DIVIDEND - US TAX,355947671,US03676B1026,ISIN,03676B102,US03676B1026,NYSE,,,,,,1,,,,,2023-02-15 13:24:44,2023-02-15,-3.76,Withholding Tax,,,1674385646,2023-02-15,
U0008402,Portfolio2,,USD,0.91566,STK,CNQ,CNQ(CA1363851017) CASH DIVIDEND USD 0.668443 PER SHARE - CA TAX,11926119,CA1363851017,ISIN,136385101,CA1363851017,NYSE,,,,,,1,,,,,2023-04-05 20:20:00,2023-04-05,-28.37,Withholding Tax,,,1785442329,2023-04-06,
U0008402,Portfolio2,,USD,0.91052,STK,AM,AM(US03676B1026) CASH DIVIDEND USD 0.225 PER SHARE - US TAX,355947671,US03676B1026,ISIN,03676B102,US03676B1026,NYSE,,,,,,1,,,,,2023-05-10 20:20:00,2023-05-10,-135,Withholding Tax,,,1856804790,2023-05-10,
U0008402,Portfolio2,,USD,0.91122,STK,AM,AM(US03676B1026) CASH DIVIDEND USD 0.225 PER SHARE - US TAX,355947671,US03676B1026,ISIN,03676B102,US03676B1026,NYSE,,,,,,1,,,,,2023-08-09 20:20:00,2023-08-09,-131.63,Withholding Tax,,,2058435987,2023-08-09,
U0008402,Portfolio2,,USD,0.94455,STK,CNQ,CNQ(CA1363851017) CASH DIVIDEND USD 0.654567 PER SHARE - CA TAX,11926119,CA1363851017,ISIN,136385101,CA1363851017,NYSE,,,,,,1,,,,,2023-10-05 20:20:00,2023-10-05,-2.95,Withholding Tax,,,2188277702,2023-10-06,
U0008402,Portfolio2,,USD,0.93377,STK,AM,AM(US03676B1026) CASH DIVIDEND USD 0.225 PER SHARE - US TAX,355947671,US03676B1026,ISIN,03676B102,US03676B1026,NYSE,,,,,,1,,,,,2023-11-08 20:20:00,2023-11-08,-131.63,Withholding Tax,,,2262110195,2023-11-08,
U0008402,Portfolio2,,USD,0.93942,STK,CNQ,CNQ(CA1363851017) CASH DIVIDEND USD 0.625874 PER SHARE (Ordinary Dividend),11926119,CA1363851017,ISIN,136385101,CA1363851017,NYSE,,,,,,1,,,,,2023-01-05 20:20:00,2023-01-05,170.23,Dividends,,,1588407120,2023-01-06,
U0008402,Portfolio2,,USD,0.93343,STK,AM,AM(US03676B1026) CASH DIVIDEND USD 0.225 PER SHARE (Ordinary Dividend),355947671,US03676B1026,ISIN,03676B102,US03676B1026,NYSE,,,,,,1,,,,,2023-02-08 20:20:00,2023-02-08,900,Dividends,,,1658528999,2023-02-08,
U0008402,Portfolio2,,USD,0.91566,STK,CNQ,CNQ(CA1363851017) CASH DIVIDEND USD 0.668443 PER SHARE (Ordinary Dividend),11926119,CA1363851017,ISIN,136385101,CA1363851017,NYSE,,,,,,1,,,,,2023-04-05 20:20:00,2023-04-05,189.16,Dividends,,,1785442328,2023-04-06,
U0008402,Portfolio2,,USD,0.91052,STK,AM,AM(US03676B1026) CASH DIVIDEND USD 0.225 PER SHARE (Ordinary Dividend),355947671,US03676B1026,ISIN,03676B102,US03676B1026,NYSE,,,,,,1,,,,,2023-05-10 20:20:00,2023-05-10,900,Dividends,,,1856804789,2023-05-10,
U0008402,Portfolio2,,USD,0.91122,STK,AM,AM(US03676B1026) CASH DIVIDEND USD 0.225 PER SHARE (Ordinary Dividend),355947671,US03676B1026,ISIN,03676B102,US03676B1026,NYSE,,,,,,1,,,,,2023-08-09 20:20:00,2023-08-09,877.5,Dividends,,,2058435986,2023-08-09,
U0008402,Portfolio2,,USD,0.94455,STK,CNQ,CNQ(CA1363851017) CASH DIVIDEND USD 0.654567 PER SHARE (Ordinary Dividend),11926119,CA1363851017,ISIN,136385101,CA1363851017,NYSE,,,,,,1,,,,,2023-10-05 20:20:00,2023-10-05,19.64,Dividends,,,2188277701,2023-10-06,
U0008402,Portfolio2,,USD,0.93377,STK,AM,AM(US03676B1026) CASH DIVIDEND USD 0.225 PER SHARE (Ordinary Dividend),355947671,US03676B1026,ISIN,03676B102,US03676B1026,NYSE,,,,,,1,,,,,2023-11-08 20:20:00,2023-11-08,877.5,Dividends,,,2262110194,2023-11-08,
U0008402,Portfolio2,,USD,0.93942,STK,CNQ,CNQ(CA1363851017) PAYMENT IN LIEU OF DIVIDEND (Ordinary Dividend),11926119,CA1363851017,ISIN,136385101,CA1363851017,NYSE,,,,,,1,,,,,2023-01-05 20:20:00,2023-01-05,17.52,Payment In Lieu Of Dividends,,,1588407122,2023-01-06,
U0008402,Portfolio2,,USD,0.91566,STK,CNQ,CNQ(CA1363851017) PAYMENT IN LIEU OF DIVIDEND (Ordinary Dividend),11926119,CA1363851017,ISIN,136385101,CA1363851017,NYSE,,,,,,1,,,,,2023-04-05 20:20:00,2023-04-05,11.36,Payment In Lieu Of Dividends,,,1785442327,2023-04-06,
U0008402,Portfolio2,,USD,0.91816,STK,CNQ,CNQ(CA1363851017) PAYMENT IN LIEU OF DIVIDEND (Ordinary Dividend),11926119,CA1363851017,ISIN,136385101,CA1363851017,NYSE,,,,,,1,,,,,2023-07-05 20:20:00,2023-07-05,203.11,Payment In Lieu Of Dividends,,,1981392790,2023-07-06,
U0008402,Portfolio2,,USD,0.94455,STK,CNQ,CNQ(CA1363851017) PAYMENT IN LIEU OF DIVIDEND (Ordinary Dividend),11926119,CA1363851017,ISIN,136385101,CA1363851017,NYSE,,,,,,1,,,,,2023-10-05 20:20:00,2023-10-05,176.73,Payment In Lieu Of Dividends,,,2188277703,2023-10-06,
