ClientAccountID,AccountAlias,Model,CurrencyPrimary,FXRateToBase,AssetClass,Symbol,Description,Conid,SecurityID,SecurityIDType,CUSIP,ISIN,ListingExchange,UnderlyingConid,UnderlyingSymbol,UnderlyingSecurityID,UnderlyingListingExchange,Issuer,Multiplier,Strike,Expiry,Put/Call,PrincipalAdjustFactor,ReportDate,Quantity,MarkPrice,PositionValue,OpenPrice,CostBasisPrice,CostBasisMoney,PercentOfNAV,FifoPnlUnrealized,Side,LevelOfDetail,OpenDateTime,HoldingPeriodDateTime,VestingDate,Code,OriginatingOrderID,OriginatingTransactionID,AccruedInterest
U***1429,Portfolio1,,USD,0.92266,STK,AM,ANTERO MIDSTREAM CORP,355947671,US03676B1026,ISIN,03676B102,US03676B1026,NYSE,,,,,,1,,,,,2024-07-05,3500,14.76,51660,6.4185,6.4185,22464.75,9.23,29195.25,Long,SUMMARY,,,,,,,
U***1429,Portfolio1,,USD,0.92266,STK,AR,ANTERO RESOURCES CORP,135942630,US03674X1063,ISIN,03674X106,US03674X1063,NYSE,,,,,,1,,,,,2024-07-05,600,32.61,19566,22.418976913,22.418976913,13451.386148,3.49,6114.613852,Long,SUMMARY,,,,,,,
U***1429,Portfolio1,,USD,0.92266,STK,CNQ,CANADIAN NATURAL RESOURCES,11926119,CA1363851017,ISIN,136385101,CA1363851017,NYSE,,,,,,1,,,,,2024-07-05,600,36.03,21618,11.81,11.81,7086,3.86,14532,Long,SUMMARY,,,,,,,
ClientAccountID,AccountAlias,Model,CurrencyPrimary,FXRateToBase,AssetClass,Symbol,Description,Conid,SecurityID,SecurityIDType,CUSIP,ISIN,ListingExchange,UnderlyingConid,UnderlyingSymbol,UnderlyingSecurityID,UnderlyingListingExchange,Issuer,Multiplier,Strike,Expiry,Put/Call,PrincipalAdjustFactor,ReportDate,Quantity,MarkPrice,PositionValue,OpenPrice,CostBasisPrice,CostBasisMoney,PercentOfNAV,FifoPnlUnrealized,Side,LevelOfDetail,OpenDateTime,HoldingPeriodDateTime,VestingDate,Code,OriginatingOrderID,OriginatingTransactionID,AccruedInterest
U***8402,Portfolio2,,USD,0.92266,STK,AM,ANTERO MIDSTREAM CORP,355947671,US03676B1026,ISIN,03676B102,US03676B1026,NYSE,,,,,,1,,,,,2024-07-05,3900,14.76,57564,1.017371314,1.017371314,3967.748124,19.50,53596.251876,Long,SUMMARY,,,,,,,
U***8402,Portfolio2,,USD,0.92266,STK,AR,ANTERO RESOURCES CORP,135942630,US03674X1063,ISIN,03674X106,US03674X1063,NYSE,,,,,,1,,,,,2024-07-05,200,32.61,6522,20.5535665,20.5535665,4110.7133,2.21,2411.2867,Long,SUMMARY,,,,,,,
U***8402,Portfolio2,,USD,0.92266,STK,CNQ,CANADIAN NATURAL RESOURCES,11926119,CA1363851017,ISIN,136385101,CA1363851017,NYSE,,,,,,1,,,,,2024-07-05,600,36.03,21618,28.99727875,28.99727875,17398.36725,7.32,4219.63275,Long,SUMMARY,,,,,,,
U***8402,Portfolio2,,USD,0.92266,STK,TSLA,TESLA INC,76792991,US88160R1014,ISIN,88160R101,US88160R1014,NASDAQ,,,,,,1,,,,,2024-07-05,-15,251.52,-3772.8,344.786642067,344.786642067,-5171.799631,100.00,1398.999631,Short,SUMMARY,,,,,,,
