ClientAccountID,AccountAlias,Model,CurrencyPrimary,FXRateToBase,AssetClass,Symbol,Description,Conid,SecurityID,SecurityIDType,CUSIP,ISIN,ListingExchange,UnderlyingConid,UnderlyingSymbol,UnderlyingSecurityID,UnderlyingListingExchange,Issuer,Multiplier,Strike,Expiry,Put/Call,PrincipalAdjustFactor,ReportDate,Quantity,MarkPrice,PositionValue,OpenPrice,CostBasisPrice,CostBasisMoney,PercentOfNAV,FifoPnlUnrealized,Side,LevelOfDetail,OpenDateTime,HoldingPeriodDateTime,VestingDate,Code,OriginatingOrderID,OriginatingTransactionID,AccruedInterest
U***1429,Portfolio1,,USD,0.9222,STK,AM,ANTERO MIDSTREAM CORP,355947671,US03676B1026,ISIN,03676B102,US03676B1026,NYSE,,,,,,1,,,,,2023-08-31,3500,12.12,42420,7.1565,7.1565,25047.75,12.75,17372.25,Long,SUMMARY,,,,,,,
U***1429,Portfolio1,,USD,0.9222,STK,AR,ANTERO RESOURCES CORP,135942630,US03674X1063,ISIN,03674X106,US03674X1063,NYSE,,,,,,1,,,,,2023-08-31,600,27.67,16602,22.418976913,22.418976913,13451.386148,4.99,3150.613852,Long,SUMMARY,,,,,,,
U***1429,Portfolio1,,USD,0.9222,STK,CNQ,CANADIAN NATURAL RESOURCES,11926119,CA1363851017,ISIN,136385101,CA1363851017,NYSE,,,,,,1,,,,,2023-08-31,300,64.69,19407,23.62,23.62,7086,5.83,12321,Long,SUMMARY,,,,,,,
ClientAccountID,AccountAlias,Model,CurrencyPrimary,FXRateToBase,AssetClass,Symbol,Description,Conid,SecurityID,SecurityIDType,CUSIP,ISIN,ListingExchange,UnderlyingConid,UnderlyingSymbol,UnderlyingSecurityID,UnderlyingListingExchange,Issuer,Multiplier,Strike,Expiry,Put/Call,PrincipalAdjustFactor,ReportDate,Quantity,MarkPrice,PositionValue,OpenPrice,CostBasisPrice,CostBasisMoney,PercentOfNAV,FifoPnlUnrealized,Side,LevelOfDetail,OpenDateTime,HoldingPeriodDateTime,VestingDate,Code,OriginatingOrderID,OriginatingTransactionID,AccruedInterest
U***8402,Portfolio2,,USD,0.9222,STK,AM,ANTERO MIDSTREAM CORP,355947671,US03676B1026,ISIN,03676B102,US03676B1026,NYSE,,,,,,1,,,,,2023-08-31,4000,12.12,48480,1.761030114,1.761030114,7044.120455,24.89,41435.879545,Long,SUMMARY,,,,,,,
U***8402,Portfolio2,,USD,0.9222,STK,AR,ANTERO RESOURCES CORP,135942630,US03674X1063,ISIN,03674X106,US03674X1063,NYSE,,,,,,1,,,,,2023-08-31,300,27.67,8301,20.5535665,20.5535665,6166.06995,4.26,2134.93005,Long,SUMMARY,,,,,,,
U***8402,Portfolio2,,USD,0.9222,STK,CNQ,CANADIAN NATURAL RESOURCES,11926119,CA1363851017,ISIN,136385101,CA1363851017,NYSE,,,,,,1,,,,,2023-08-31,300,64.69,19407,57.9945575,57.9945575,17398.36725,9.96,2008.63275,Long,SUMMARY,,,,,,,
U***8402,Portfolio2,,USD,0.9222,STK,TSLA,TESLA INC,76792991,US88160R1014,ISIN,88160R101,US88160R1014,NASDAQ,,,,,,1,,,,,2023-08-31,-10,258.08,-2580.8,392.573513,392.573513,-3925.73513,100.00,1344.93513,Short,SUMMARY,,,,,,,
