ClientAccountID,AccountAlias,Model,CurrencyPrimary,FXRateToBase,AssetClass,Symbol,Description,Conid,SecurityID,SecurityIDType,CUSIP,ISIN,ListingExchange,UnderlyingConid,UnderlyingSymbol,UnderlyingSecurityID,UnderlyingListingExchange,Issuer,Multiplier,Strike,Expiry,Put/Call,PrincipalAdjustFactor,ReportDate,Quantity,MarkPrice,PositionValue,OpenPrice,CostBasisPrice,CostBasisMoney,PercentOfNAV,FifoPnlUnrealized,Side,LevelOfDetail,OpenDateTime,HoldingPeriodDateTime,VestingDate,Code,OriginatingOrderID,OriginatingTransactionID,AccruedInterest
U***1429,Portfolio1,,USD,0.94582,STK,AM,ANTERO MIDSTREAM CORP,355947671,US03676B1026,ISIN,03676B102,US03676B1026,NYSE,,,,,,1,,,,,2023-09-29,3500,11.98,41930,7.1565,7.1565,25047.75,14.04,16882.25,Long,SUMMARY,,,,,,,
U***1429,Portfolio1,,USD,0.94582,STK,AR,ANTERO RESOURCES CORP,135942630,US03674X1063,ISIN,03674X106,US03674X1063,NYSE,,,,,,1,,,,,2023-09-29,600,25.38,15228,22.418976913,22.418976913,13451.386148,5.10,1776.613852,Long,SUMMARY,,,,,,,
U***1429,Portfolio1,,USD,0.94582,STK,CNQ,CANADIAN NATURAL RESOURCES,11926119,CA1363851017,ISIN,136385101,CA1363851017,NYSE,,,,,,1,,,,,2023-09-29,300,64.67,19401,23.62,23.62,7086,6.50,12315,Long,SUMMARY,,,,,,,
ClientAccountID,AccountAlias,Model,CurrencyPrimary,FXRateToBase,AssetClass,Symbol,Description,Conid,SecurityID,SecurityIDType,CUSIP,ISIN,ListingExchange,UnderlyingConid,UnderlyingSymbol,UnderlyingSecurityID,UnderlyingListingExchange,Issuer,Multiplier,Strike,Expiry,Put/Call,PrincipalAdjustFactor,ReportDate,Quantity,MarkPrice,PositionValue,OpenPrice,CostBasisPrice,CostBasisMoney,PercentOfNAV,FifoPnlUnrealized,Side,LevelOfDetail,OpenDateTime,HoldingPeriodDateTime,VestingDate,Code,OriginatingOrderID,OriginatingTransactionID,AccruedInterest
U***8402,Portfolio2,,USD,0.94582,STK,AM,ANTERO MIDSTREAM CORP,355947671,US03676B1026,ISIN,03676B102,US03676B1026,NYSE,,,,,,1,,,,,2023-09-29,4000,11.98,47920,1.761030114,1.761030114,7044.120455,25.68,40875.879545,Long,SUMMARY,,,,,,,
U***8402,Portfolio2,,USD,0.94582,STK,AR,ANTERO RESOURCES CORP,135942630,US03674X1063,ISIN,03674X106,US03674X1063,NYSE,,,,,,1,,,,,2023-09-29,300,25.38,7614,20.5535665,20.5535665,6166.06995,4.08,1447.93005,Long,SUMMARY,,,,,,,
U***8402,Portfolio2,,USD,0.94582,STK,CNQ,CANADIAN NATURAL RESOURCES,11926119,CA1363851017,ISIN,136385101,CA1363851017,NYSE,,,,,,1,,,,,2023-09-29,300,64.67,19401,57.9945575,57.9945575,17398.36725,10.40,2002.63275,Long,SUMMARY,,,,,,,
U***8402,Portfolio2,,USD,0.94582,STK,TSLA,TESLA INC,76792991,US88160R1014,ISIN,88160R101,US88160R1014,NASDAQ,,,,,,1,,,,,2023-09-29,-10,250.22,-2502.2,392.573513,392.573513,-3925.73513,100.00,1423.53513,Short,SUMMARY,,,,,,,
