ClientAccountID,AccountAlias,Model,CurrencyPrimary,FXRateToBase,AssetClass,Symbol,Description,Conid,SecurityID,SecurityIDType,CUSIP,ISIN,ListingExchange,UnderlyingConid,UnderlyingSymbol,UnderlyingSecurityID,UnderlyingListingExchange,Issuer,Multiplier,Strike,Expiry,Put/Call,PrincipalAdjustFactor,ReportDate,Quantity,MarkPrice,PositionValue,OpenPrice,CostBasisPrice,CostBasisMoney,PercentOfNAV,FifoPnlUnrealized,Side,LevelOfDetail,OpenDateTime,HoldingPeriodDateTime,VestingDate,Code,OriginatingOrderID,OriginatingTransactionID,AccruedInterest
U***1429,Portfolio1,,USD,0.91887,STK,AM,ANTERO MIDSTREAM CORP,355947671,US03676B1026,ISIN,03676B102,US03676B1026,NYSE,,,,,,1,,,,,2024-01-22,3500,12.37,43295,6.4185,6.4185,22464.75,13.41,20830.25,Long,SUMMARY,,,,,,,
U***1429,Portfolio1,,USD,0.91887,STK,AR,ANTERO RESOURCES CORP,135942630,US03674X1063,ISIN,03674X106,US03674X1063,NYSE,,,,,,1,,,,,2024-01-22,600,21.64,12984,22.418976913,22.418976913,13451.386148,4.02,-467.386148,Long,SUMMARY,,,,,,,
U***1429,Portfolio1,,USD,0.91887,STK,CNQ,CANADIAN NATURAL RESOURCES,11926119,CA1363851017,ISIN,136385101,CA1363851017,NYSE,,,,,,1,,,,,2024-01-22,300,62.39,18717,23.62,23.62,7086,5.80,11631,Long,SUMMARY,,,,,,,
ClientAccountID,AccountAlias,Model,CurrencyPrimary,FXRateToBase,AssetClass,Symbol,Description,Conid,SecurityID,SecurityIDType,CUSIP,ISIN,ListingExchange,UnderlyingConid,UnderlyingSymbol,UnderlyingSecurityID,UnderlyingListingExchange,Issuer,Multiplier,Strike,Expiry,Put/Call,PrincipalAdjustFactor,ReportDate,Quantity,MarkPrice,PositionValue,OpenPrice,CostBasisPrice,CostBasisMoney,PercentOfNAV,FifoPnlUnrealized,Side,LevelOfDetail,OpenDateTime,HoldingPeriodDateTime,VestingDate,Code,OriginatingOrderID,OriginatingTransactionID,AccruedInterest
U***8402,Portfolio2,,USD,0.91887,STK,AM,ANTERO MIDSTREAM CORP,355947671,US03676B1026,ISIN,03676B102,US03676B1026,NYSE,,,,,,1,,,,,2024-01-22,3900,12.37,48243,1.017371314,1.017371314,3967.748124,28.62,44275.251876,Long,SUMMARY,,,,,,,
U***8402,Portfolio2,,USD,0.91887,STK,AR,ANTERO RESOURCES CORP,135942630,US03674X1063,ISIN,03674X106,US03674X1063,NYSE,,,,,,1,,,,,2024-01-22,300,21.64,6492,20.5535665,20.5535665,6166.06995,3.85,325.93005,Long,SUMMARY,,,,,,,
U***8402,Portfolio2,,USD,0.91887,STK,CNQ,CANADIAN NATURAL RESOURCES,11926119,CA1363851017,ISIN,136385101,CA1363851017,NYSE,,,,,,1,,,,,2024-01-22,300,62.39,18717,57.9945575,57.9945575,17398.36725,11.10,1318.63275,Long,SUMMARY,,,,,,,
U***8402,Portfolio2,,USD,0.91887,STK,TSLA,TESLA INC,76792991,US88160R1014,ISIN,88160R101,US88160R1014,NASDAQ,,,,,,1,,,,,2024-01-22,-10,208.8,-2088,392.573513,392.573513,-3925.73513,100.00,1837.73513,Short,SUMMARY,,,,,,,
