ClientAccountID,AccountAlias,Model,CurrencyPrimary,FXRateToBase,AssetClass,Symbol,Description,Conid,SecurityID,SecurityIDType,CUSIP,ISIN,ListingExchange,UnderlyingConid,UnderlyingSymbol,UnderlyingSecurityID,UnderlyingListingExchange,Issuer,Multiplier,Strike,Expiry,Put/Call,PrincipalAdjustFactor,ReportDate,Quantity,MarkPrice,PositionValue,OpenPrice,CostBasisPrice,CostBasisMoney,PercentOfNAV,FifoPnlUnrealized,Side,LevelOfDetail,OpenDateTime,HoldingPeriodDateTime,VestingDate,Code,OriginatingOrderID,OriginatingTransactionID,AccruedInterest
U***8402,Portfolio2,,USD,0.91817,STK,AM,ANTERO MIDSTREAM CORP,355947671,US03676B1026,ISIN,03676B102,US03676B1026,NYSE,,,,,,1,,,,,2024-07-22,3900,15.16,59124,1.017371314,1.017371314,3967.748124,21.01,55156.251876,Long,SUMMARY,,,,,,,
U***8402,Portfolio2,,USD,0.91817,STK,AR,ANTERO RESOURCES CORP,135942630,US03674X1063,ISIN,03674X106,US03674X1063,NYSE,,,,,,1,,,,,2024-07-22,200,30.81,6162,20.5535665,20.5535665,4110.7133,2.19,2051.2867,Long,SUMMARY,,,,,,,
U***8402,Portfolio2,,USD,0.91817,STK,CNQ,CANADIAN NATURAL RESOURCES,11926119,CA1363851017,ISIN,136385101,CA1363851017,NYSE,,,,,,1,,,,,2024-07-22,600,35.38,21228,28.99727875,28.99727875,17398.36725,7.54,3829.63275,Long,SUMMARY,,,,,,,
U***8402,Portfolio2,,USD,0.91817,STK,TSLA,TESLA INC,76792991,US88160R1014,ISIN,88160R101,US88160R1014,NASDAQ,,,,,,1,,,,,2024-07-22,-15,251.51,-3772.65,344.786642067,344.786642067,-5171.799631,100.00,1399.149631,Short,SUMMARY,,,,,,,
U***1429,Portfolio1,,USD,0.91817,STK,AM,ANTERO MIDSTREAM CORP,355947671,US03676B1026,ISIN,03676B102,US03676B1026,NYSE,,,,,,1,,,,,2024-07-22,3500,15.16,53060,6.4185,6.4185,22464.75,10.22,30595.25,Long,SUMMARY,,,,,,,
U***1429,Portfolio1,,USD,0.91817,STK,AR,ANTERO RESOURCES CORP,135942630,US03674X1063,ISIN,03674X106,US03674X1063,NYSE,,,,,,1,,,,,2024-07-22,600,30.81,18486,22.418976913,22.418976913,13451.386148,3.56,5034.613852,Long,SUMMARY,,,,,,,
U***1429,Portfolio1,,USD,0.91817,STK,CNQ,CANADIAN NATURAL RESOURCES,11926119,CA1363851017,ISIN,136385101,CA1363851017,NYSE,,,,,,1,,,,,2024-07-22,600,35.38,21228,11.81,11.81,7086,4.09,14142,Long,SUMMARY,,,,,,,
