ClientAccountID,AccountAlias,Model,CurrencyPrimary,FXRateToBase,AssetClass,Symbol,Description,Conid,SecurityID,SecurityIDType,CUSIP,ISIN,ListingExchange,UnderlyingConid,UnderlyingSymbol,UnderlyingSecurityID,UnderlyingListingExchange,Issuer,Multiplier,Strike,Expiry,Put/Call,PrincipalAdjustFactor,ReportDate,Quantity,MarkPrice,PositionValue,OpenPrice,CostBasisPrice,CostBasisMoney,PercentOfNAV,FifoPnlUnrealized,Side,LevelOfDetail,OpenDateTime,HoldingPeriodDateTime,VestingDate,Code,OriginatingOrderID,OriginatingTransactionID,AccruedInterest
U***1429,Portfolio1,,USD,0.93751,STK,AM,ANTERO MIDSTREAM CORP,355947671,US03676B1026,ISIN,03676B102,US03676B1026,NYSE,,,,,,1,,,,,2024-04-30,3500,13.84,48440,6.4185,6.4185,22464.75,13.83,25975.25,Long,SUMMARY,,,,,,,
U***1429,Portfolio1,,USD,0.93751,STK,AR,ANTERO RESOURCES CORP,135942630,US03674X1063,ISIN,03674X106,US03674X1063,NYSE,,,,,,1,,,,,2024-04-30,600,34.01,20406,22.418976913,22.418976913,13451.386148,5.83,6954.613852,Long,SUMMARY,,,,,,,
U***1429,Portfolio1,,USD,0.93751,STK,CNQ,CANADIAN NATURAL RESOURCES,11926119,CA1363851017,ISIN,136385101,CA1363851017,NYSE,,,,,,1,,,,,2024-04-30,300,75.82,22746,23.62,23.62,7086,6.49,15660,Long,SUMMARY,,,,,,,
ClientAccountID,AccountAlias,Model,CurrencyPrimary,FXRateToBase,AssetClass,Symbol,Description,Conid,SecurityID,SecurityIDType,CUSIP,ISIN,ListingExchange,UnderlyingConid,UnderlyingSymbol,UnderlyingSecurityID,UnderlyingListingExchange,Issuer,Multiplier,Strike,Expiry,Put/Call,PrincipalAdjustFactor,ReportDate,Quantity,MarkPrice,PositionValue,OpenPrice,CostBasisPrice,CostBasisMoney,PercentOfNAV,FifoPnlUnrealized,Side,LevelOfDetail,OpenDateTime,HoldingPeriodDateTime,VestingDate,Code,OriginatingOrderID,OriginatingTransactionID,AccruedInterest
U***8402,Portfolio2,,USD,0.93751,STK,AM,ANTERO MIDSTREAM CORP,355947671,US03676B1026,ISIN,03676B102,US03676B1026,NYSE,,,,,,1,,,,,2024-04-30,3900,13.84,53976,1.017371314,1.017371314,3967.748124,27.27,50008.251876,Long,SUMMARY,,,,,,,
U***8402,Portfolio2,,USD,0.93751,STK,AR,ANTERO RESOURCES CORP,135942630,US03674X1063,ISIN,03674X106,US03674X1063,NYSE,,,,,,1,,,,,2024-04-30,200,34.01,6802,20.5535665,20.5535665,4110.7133,3.44,2691.2867,Long,SUMMARY,,,,,,,
U***8402,Portfolio2,,USD,0.93751,STK,CNQ,CANADIAN NATURAL RESOURCES,11926119,CA1363851017,ISIN,136385101,CA1363851017,NYSE,,,,,,1,,,,,2024-04-30,300,75.82,22746,57.9945575,57.9945575,17398.36725,11.49,5347.63275,Long,SUMMARY,,,,,,,
U***8402,Portfolio2,,USD,0.93751,STK,TSLA,TESLA INC,76792991,US88160R1014,ISIN,88160R101,US88160R1014,NASDAQ,,,,,,1,,,,,2024-04-30,-10,183.28,-1832.8,392.573513,392.573513,-3925.73513,100.00,2092.93513,Short,SUMMARY,,,,,,,
