ClientAccountID,AccountAlias,Model,CurrencyPrimary,FXRateToBase,AssetClass,Symbol,Description,Conid,SecurityID,SecurityIDType,CUSIP,ISIN,ListingExchange,UnderlyingConid,UnderlyingSymbol,UnderlyingSecurityID,UnderlyingListingExchange,Issuer,Multiplier,Strike,Expiry,Put/Call,PrincipalAdjustFactor,ReportDate,Quantity,MarkPrice,PositionValue,OpenPrice,CostBasisPrice,CostBasisMoney,PercentOfNAV,FifoPnlUnrealized,Side,LevelOfDetail,OpenDateTime,HoldingPeriodDateTime,VestingDate,Code,OriginatingOrderID,OriginatingTransactionID,AccruedInterest
U***1429,Portfolio1,,USD,0.93553,STK,AM,ANTERO MIDSTREAM CORP,355947671,US03676B1026,ISIN,03676B102,US03676B1026,NYSE,,,,,,1,,,,,2023-05-31,3500,10.21,35735,7.1565,7.1565,25047.75,12.48,10687.25,Long,SUMMARY,,,,,,,
U***1429,Portfolio1,,USD,0.93553,STK,AR,ANTERO RESOURCES CORP,135942630,US03674X1063,ISIN,03674X106,US03674X1063,NYSE,,,,,,1,,,,,2023-05-31,600,20.41,12246,22.418976913,22.418976913,13451.386148,4.28,-1205.386148,Long,SUMMARY,,,,,,,
U***1429,Portfolio1,,USD,0.93553,STK,CNQ,CANADIAN NATURAL RESOURCES,11926119,CA1363851017,ISIN,136385101,CA1363851017,NYSE,,,,,,1,,,,,2023-05-31,300,53.88,16164,23.62,23.62,7086,5.65,9078,Long,SUMMARY,,,,,,,
ClientAccountID,AccountAlias,Model,CurrencyPrimary,FXRateToBase,AssetClass,Symbol,Description,Conid,SecurityID,SecurityIDType,CUSIP,ISIN,ListingExchange,UnderlyingConid,UnderlyingSymbol,UnderlyingSecurityID,UnderlyingListingExchange,Issuer,Multiplier,Strike,Expiry,Put/Call,PrincipalAdjustFactor,ReportDate,Quantity,MarkPrice,PositionValue,OpenPrice,CostBasisPrice,CostBasisMoney,PercentOfNAV,FifoPnlUnrealized,Side,LevelOfDetail,OpenDateTime,HoldingPeriodDateTime,VestingDate,Code,OriginatingOrderID,OriginatingTransactionID,AccruedInterest
U***8402,Portfolio2,,USD,0.93553,STK,AM,ANTERO MIDSTREAM CORP,355947671,US03676B1026,ISIN,03676B102,US03676B1026,NYSE,,,,,,1,,,,,2023-05-31,4000,10.21,40840,1.53003309,1.53003309,6120.13236,22.27,34719.86764,Long,SUMMARY,,,,,,,
U***8402,Portfolio2,,USD,0.93553,STK,AR,ANTERO RESOURCES CORP,135942630,US03674X1063,ISIN,03674X106,US03674X1063,NYSE,,,,,,1,,,,,2023-05-31,1000,20.41,20410,25.042550553,25.042550553,25042.550553,11.13,-4632.550553,Long,SUMMARY,,,,,,,
U***8402,Portfolio2,,USD,0.93553,STK,CNQ,CANADIAN NATURAL RESOURCES,11926119,CA1363851017,ISIN,136385101,CA1363851017,NYSE,,,,,,1,,,,,2023-05-31,300,53.88,16164,44.887573667,44.887573667,13466.2721,8.81,2697.7279,Long,SUMMARY,,,,,,,
U***8402,Portfolio2,,USD,0.93553,STK,TSLA,TESLA INC,76792991,US88160R1014,ISIN,88160R101,US88160R1014,NASDAQ,,,,,,1,,,,,2023-05-31,-10,203.93,-2039.3,392.573513,392.573513,-3925.73513,100.00,1886.43513,Short,SUMMARY,,,,,,,
