ClientAccountID,AccountAlias,Model,CurrencyPrimary,FXRateToBase,AssetClass,Symbol,Description,Conid,SecurityID,SecurityIDType,CUSIP,ISIN,ListingExchange,UnderlyingConid,UnderlyingSymbol,UnderlyingSecurityID,UnderlyingListingExchange,Issuer,Multiplier,Strike,Expiry,Put/Call,PrincipalAdjustFactor,ReportDate,Quantity,MarkPrice,PositionValue,OpenPrice,CostBasisPrice,CostBasisMoney,PercentOfNAV,FifoPnlUnrealized,Side,LevelOfDetail,OpenDateTime,HoldingPeriodDateTime,VestingDate,Code,OriginatingOrderID,OriginatingTransactionID,AccruedInterest
U***1429,Portfolio1,,USD,0.93877,STK,AM,ANTERO MIDSTREAM CORP,355947671,US03676B1026,ISIN,03676B102,US03676B1026,NYSE,,,,,,1,,,,,2022-06-01,3500,11.16,39060,7.1565,7.1565,25047.75,11.46,14012.25,Long,SUMMARY,,,,,,,
U***1429,Portfolio1,,USD,0.93877,STK,CNQ,CANADIAN NATURAL RESOURCES,11926119,CA1363851017,ISIN,136385101,CA1363851017,NYSE,,,,,,1,,,,,2022-06-01,300,67.52,20256,23.62,23.62,7086,5.94,13170,Long,SUMMARY,,,,,,,
ClientAccountID,AccountAlias,Model,CurrencyPrimary,FXRateToBase,AssetClass,Symbol,Description,Conid,SecurityID,SecurityIDType,CUSIP,ISIN,ListingExchange,UnderlyingConid,UnderlyingSymbol,UnderlyingSecurityID,UnderlyingListingExchange,Issuer,Multiplier,Strike,Expiry,Put/Call,PrincipalAdjustFactor,ReportDate,Quantity,MarkPrice,PositionValue,OpenPrice,CostBasisPrice,CostBasisMoney,PercentOfNAV,FifoPnlUnrealized,Side,LevelOfDetail,OpenDateTime,HoldingPeriodDateTime,VestingDate,Code,OriginatingOrderID,OriginatingTransactionID,AccruedInterest
U***8402,Portfolio2,,USD,0.93877,STK,AM,ANTERO MIDSTREAM CORP,355947671,US03676B1026,ISIN,03676B102,US03676B1026,NYSE,,,,,,1,,,,,2022-06-01,4000,11.16,44640,1.53003309,1.53003309,6120.13236,18.57,38519.86764,Long,SUMMARY,,,,,,,
U***8402,Portfolio2,,USD,0.93877,STK,AR,ANTERO RESOURCES CORP,135942630,US03674X1063,ISIN,03674X106,US03674X1063,NYSE,,,,,,1,,,,,2022-06-01,300,44.49,13347,6.954112667,6.954112667,2086.2338,5.55,11260.7662,Long,SUMMARY,,,,,,,
U***8402,Portfolio2,,USD,0.93877,STK,CNQ,CANADIAN NATURAL RESOURCES,11926119,CA1363851017,ISIN,136385101,CA1363851017,NYSE,,,,,,1,,,,,2022-06-01,300,67.52,20256,12.746215777,12.746215777,3823.864733,8.42,16432.135267,Long,SUMMARY,,,,,,,
U***8402,Portfolio2,,USD,0.93877,STK,TSLA,TESLA INC,76792991,US88160R1014,ISIN,88160R101,US88160R1014,NASDAQ,,,,,,1,,,,,2022-06-01,-10,740.37,-7403.7,972.7431393,972.7431393,-9727.431393,100.00,2323.731393,Short,SUMMARY,,,,,,,
