ClientAccountID,AccountAlias,Model,CurrencyPrimary,FXRateToBase,AssetClass,Symbol,Description,Conid,SecurityID,SecurityIDType,CUSIP,ISIN,ListingExchange,UnderlyingConid,UnderlyingSymbol,UnderlyingSecurityID,UnderlyingListingExchange,Issuer,Multiplier,Strike,Expiry,Put/Call,PrincipalAdjustFactor,ReportDate,Quantity,MarkPrice,PositionValue,OpenPrice,CostBasisPrice,CostBasisMoney,PercentOfNAV,FifoPnlUnrealized,Side,LevelOfDetail,OpenDateTime,HoldingPeriodDateTime,VestingDate,Code,OriginatingOrderID,OriginatingTransactionID,AccruedInterest
U***1429,Portfolio1,,USD,0.92438,STK,AM,ANTERO MIDSTREAM CORP,355947671,US03676B1026,ISIN,03676B102,US03676B1026,NYSE,,,,,,1,,,,,2024-01-31,3500,12.24,42840,6.4185,6.4185,22464.75,13.40,20375.25,Long,SUMMARY,,,,,,,
U***1429,Portfolio1,,USD,0.92438,STK,AR,ANTERO RESOURCES CORP,135942630,US03674X1063,ISIN,03674X106,US03674X1063,NYSE,,,,,,1,,,,,2024-01-31,600,22.34,13404,22.418976913,22.418976913,13451.386148,4.19,-47.386148,Long,SUMMARY,,,,,,,
U***1429,Portfolio1,,USD,0.92438,STK,CNQ,CANADIAN NATURAL RESOURCES,11926119,CA1363851017,ISIN,136385101,CA1363851017,NYSE,,,,,,1,,,,,2024-01-31,300,63.99,19197,23.62,23.62,7086,6.00,12111,Long,SUMMARY,,,,,,,
ClientAccountID,AccountAlias,Model,CurrencyPrimary,FXRateToBase,AssetClass,Symbol,Description,Conid,SecurityID,SecurityIDType,CUSIP,ISIN,ListingExchange,UnderlyingConid,UnderlyingSymbol,UnderlyingSecurityID,UnderlyingListingExchange,Issuer,Multiplier,Strike,Expiry,Put/Call,PrincipalAdjustFactor,ReportDate,Quantity,MarkPrice,PositionValue,OpenPrice,CostBasisPrice,CostBasisMoney,PercentOfNAV,FifoPnlUnrealized,Side,LevelOfDetail,OpenDateTime,HoldingPeriodDateTime,VestingDate,Code,OriginatingOrderID,OriginatingTransactionID,AccruedInterest
U***8402,Portfolio2,,USD,0.92438,STK,AM,ANTERO MIDSTREAM CORP,355947671,US03676B1026,ISIN,03676B102,US03676B1026,NYSE,,,,,,1,,,,,2024-01-31,3900,12.24,47736,1.017371314,1.017371314,3967.748124,28.48,43768.251876,Long,SUMMARY,,,,,,,
U***8402,Portfolio2,,USD,0.92438,STK,AR,ANTERO RESOURCES CORP,135942630,US03674X1063,ISIN,03674X106,US03674X1063,NYSE,,,,,,1,,,,,2024-01-31,300,22.34,6702,20.5535665,20.5535665,6166.06995,4.00,535.93005,Long,SUMMARY,,,,,,,
U***8402,Portfolio2,,USD,0.92438,STK,CNQ,CANADIAN NATURAL RESOURCES,11926119,CA1363851017,ISIN,136385101,CA1363851017,NYSE,,,,,,1,,,,,2024-01-31,300,63.99,19197,57.9945575,57.9945575,17398.36725,11.45,1798.63275,Long,SUMMARY,,,,,,,
U***8402,Portfolio2,,USD,0.92438,STK,TSLA,TESLA INC,76792991,US88160R1014,ISIN,88160R101,US88160R1014,NASDAQ,,,,,,1,,,,,2024-01-31,-10,187.29,-1872.9,392.573513,392.573513,-3925.73513,100.00,2052.83513,Short,SUMMARY,,,,,,,
