ClientAccountID,AccountAlias,Model,CurrencyPrimary,FXRateToBase,AssetClass,Symbol,Description,Conid,SecurityID,SecurityIDType,CUSIP,ISIN,ListingExchange,UnderlyingConid,UnderlyingSymbol,UnderlyingSecurityID,UnderlyingListingExchange,Issuer,Multiplier,Strike,Expiry,TradeID,Put/Call,ReportDate,PrincipalAdjustFactor,DateTime,TradeDate,SettleDateTarget,TransactionType,Exchange,Quantity,TradePrice,TradeMoney,Proceeds,Taxes,IBCommission,IBCommissionCurrency,NetCash,ClosePrice,Open/CloseIndicator,Notes/Codes,CostBasis,FifoPnlRealized,FxPnl,MtmPnl,OrigTradePrice,OrigTradeDate,OrigTradeID,OrigOrderID,ClearingFirmID,TransactionID,Buy/Sell,IBOrderID,IBExecID,BrokerageOrderID,OrderReference,VolatilityOrderLink,ExchOrderID,ExtExecID,OrderTime,OpenDateTime,HoldingPeriodDateTime,WhenRealized,WhenReopened,LevelOfDetail,ChangeInPrice,ChangeInQuantity,OrderType,TraderID,IsAPIOrder,AccruedInterest
U***8402,Portfolio2,,USD,0.94131,STK,AM,ANTERO MIDSTREAM CORP,355947671,US03676B1026,ISIN,03676B102,US03676B1026,NYSE,,AM,,,,1,,,863425564,,2024-11-12,,2024-11-12 15:08:17,2024-11-12,2024-11-13,ExchTrade,BYX,-200,15.425,-3085,3085,0,-1.128563,USD,3083.871437,15.41,C,P,-359.444663,2724.426774,0,3,0,,,0,,3292644241,SELL,717033138,00010a77.67333e39.01.01,007d1c69.00012eed.6732e7f9.0001,,,,156728372686S,2024-11-12 15:08:17,,,,,EXECUTION,0,0,LMT,,N,0
U***8402,Portfolio2,,USD,0.94131,STK,AM,ANTERO MIDSTREAM CORP,355947671,US03676B1026,ISIN,03676B102,US03676B1026,NYSE,,AM,,,,1,,,863425593,,2024-11-12,,2024-11-12 15:08:17,2024-11-12,2024-11-13,ExchTrade,DARK,-200,15.425,-3085,3085,0,-1.133363,USD,3083.866637,15.41,C,IA;P,-262.444662,2821.421974,0,3,0,,,0,,3292644244,SELL,717033138,00030e5e.67765f26.01.01,007d1c69.00012eed.6732e7f9.0001,,,,113721882S,2024-11-12 15:08:17,,,,,EXECUTION,0,0,LMT,,N,0
U***8402,Portfolio2,,USD,0.92827,STK,AR,ANTERO RESOURCES CORP,135942630,US03674X1063,ISIN,03674X106,US03674X1063,NYSE,,,,,,1,,,686308330,,2024-02-15,,2024-02-15 12:44:38,2024-02-15,2024-02-20,ExchTrade,DARK,-100,23.255,-2325.5,2325.5,0,-1.035204,USD,2324.464796,23.52,C,,-2055.35665,269.108146,0,-26.5,0,,,0,,2495927199,SELL,579452251,0000e1ae.65ce26a6.01.01,007d1c69.00022db7.65cda1ae.0001,,,,SD_4009154377,2024-02-15 12:44:38,,,,,EXECUTION,0,0,LMT,,N,0
U***8402,Portfolio2,,USD,0.94131,STK,AR,ANTERO RESOURCES CORP,135942630,US03674X1063,ISIN,03674X106,US03674X1063,NYSE,,AR,,,,1,,,863426401,,2024-11-12,,2024-11-12 15:09:00,2024-11-12,2024-11-13,ExchTrade,DARK,-100,31.305,-3130.5,3130.5,0,-1.1108279,USD,3129.3891721,31.16,C,P,-2055.35665,1074.032522,0,14.5,0,,,0,,3292646850,SELL,717033774,0000e494.67352217.01.01,007d1c69.00012eed.6732e7fc.0001,,,,2411120003119711578,2024-11-12 15:08:59,,,,,EXECUTION,0,0,LMT,,N,0
U***8402,Portfolio2,,USD,0.94131,STK,AR,ANTERO RESOURCES CORP,135942630,US03674X1063,ISIN,03674X106,US03674X1063,NYSE,,AR,,,,1,,,863426414,,2024-11-12,,2024-11-12 15:09:00,2024-11-12,2024-11-13,ExchTrade,DARK,-100,31.305,-3130.5,3130.5,0,-0.1108279,USD,3130.3891721,31.16,C,IA;P,-2055.35665,1075.032522,0,14.5,0,,,0,,3292646853,SELL,717033774,00030e5e.67765fc8.01.01,007d1c69.00012eed.6732e7fc.0001,,,,113722137S,2024-11-12 15:08:59,,,,,EXECUTION,0,0,LMT,,N,0
U***8402,Portfolio2,,USD,0.94131,STK,CNQ,CANADIAN NATURAL RESOURCES,11926119,CA1363851017,ISIN,136385101,CA1363851017,NYSE,,CNQ,,,,1,,,863428098,,2024-11-12,,2024-11-12 15:10:34,2024-11-12,2024-11-13,ExchTrade,DARK,-100,33.675,-3367.5,3367.5,0,-1.1174165,USD,3366.3825835,33.76,C,,-3021.482075,344.900508,0,-8.5,0,,,0,,3292648193,SELL,717034819,0000e494.67352315.01.01,007d1c69.00012eed.6732e7ff.0001,,,,2411120003119713000,2024-11-12 15:10:34,,,,,EXECUTION,0,0,LMT,,N,0
U***8402,Portfolio2,,USD,0.92266,STK,TSLA,TESLA INC,76792991,US88160R1014,ISIN,88160R101,US88160R1014,NASDAQ,,,,,,1,,,768560766,,2024-07-05,,2024-07-05 04:00:00,2024-07-05,2024-07-08,ExchTrade,DRCTEDGE,-5,249.42,-1247.1,1247.1,0,-1.03549938,USD,1246.06450062,251.52,O,,-1246.06450062,0,0,-10.5,0,,,0,,2867182299,SELL,645008616,00022b5d.66879103.01.01,003a83dd.0003142a.66862520.0001,,,,2037468272696S,2024-07-04 04:49:50,,,,,EXECUTION,0,0,LMT,,N,0
U***1429,Portfolio1,,USD,0.94131,STK,AR,ANTERO RESOURCES CORP,135942630,US03674X1063,ISIN,03674X106,US03674X1063,NYSE,,AR,,,,1,,,863450475,,2024-11-12,,2024-11-12 15:24:10,2024-11-12,2024-11-13,ExchTrade,DARK,-68,31.32,-2129.76,2129.76,0,-1.075391328,USD,2128.684608672,31.16,C,P,-1524.49043,604.194179,0,10.88,0,,,0,,3292692452,SELL,717050619,0000d6a5.6733db4f.01.01,007d1c69.00012eed.6732e81b.0001,,,,E202411120005227478001,2024-11-12 15:24:10,,,,,EXECUTION,0,0,LMT,,N,0
U***1429,Portfolio1,,USD,0.94131,STK,AR,ANTERO RESOURCES CORP,135942630,US03674X1063,ISIN,03674X106,US03674X1063,NYSE,,AR,,,,1,,,863450487,,2024-11-12,,2024-11-12 15:24:10,2024-11-12,2024-11-13,ExchTrade,DARK,-32,31.32,-1002.24,1002.24,0,-0.035478272,USD,1002.204521728,31.16,C,P,-717.407261,284.797261,0,5.12,0,,,0,,3292692454,SELL,717050619,0000d6a5.6733db50.01.01,007d1c69.00012eed.6732e81b.0001,,,,E202411120005227480001,2024-11-12 15:24:10,,,,,EXECUTION,0,0,LMT,,N,0
U***1429,Portfolio1,,USD,0.94131,STK,CNQ,CANADIAN NATURAL RESOURCES,11926119,CA1363851017,ISIN,136385101,CA1363851017,NYSE,,CNQ,,,,1,,,863451823,,2024-11-12,,2024-11-12 15:25:25,2024-11-12,2024-11-13,ExchTrade,DARK,-100,33.6512,-3365.12,3365.12,0,-1.117350336,USD,3364.002649664,33.76,C,,-1181,2183.00265,0,-10.88,0,,,0,,3292695402,SELL,717051588,0001506d.67338045.01.01,007d1c69.00012eed.6732e81f.0001,,,,7229976,2024-11-12 15:25:25,,,,,EXECUTION,0,0,LMT,,N,0
