ClientAccountID,AccountAlias,Model,CurrencyPrimary,FXRateToBase,AssetClass,SubCategory,Symbol,Description,Conid,SecurityID,SecurityIDType,CUSIP,ISIN,FIGI,ListingExchange,UnderlyingConid,UnderlyingSymbol,UnderlyingSecurityID,UnderlyingListingExchange,Issuer,IssuerCountryCode,Multiplier,Strike,Expiry,Put/Call,PrincipalAdjustFactor,ReportDate,Date,DateTime,SettleDate,Type,Direction,TransferCompany,TransferAccount,TransferAccountName,DeliveringBroker,Quantity,TransferPrice,PositionAmount,PositionAmountInBase,PnlAmount,PnlAmountInBase,CashTransfer,Code,ClientReference,TransactionID,LevelOfDetail,PositionInstructionID,PositionInstructionSetID,SerialNumber,DeliveryType,CommodityType,Fineness,Weight
U0001429,Portfolio1,,USD,0.83093,STK,COMMON,AM,ANTERO MIDSTREAM CORP,355947671,US03676B1026,ISIN,03676B102,US03676B1026,,NYSE,,,,,,,1,,,,,2021-02-03,2021-02-03,2021-02-03,2021-02-03,FOP,IN,--,FOP,,443,5000,0,38550,32032.3515,0,0,0,,,38015202,TRANSFER,,,,,,0.0,0.0
U0001429,Portfolio1,,USD,0.83093,STK,COMMON,CNQ,CANADIAN NATURAL RESOURCES,11926119,CA1363851017,ISIN,136385101,CA1363851017,,NYSE,,,,,,,1,,,,,2021-02-03,2021-02-03,2021-02-03,2021-02-03,FOP,IN,--,FOP,,443,500,0,11810,9813.2833,0,0,0,,,38015200,TRANSFER,,,,,,0.0,0.0
ClientAccountID,AccountAlias,Model,CurrencyPrimary,FXRateToBase,AssetClass,SubCategory,Symbol,Description,Conid,SecurityID,SecurityIDType,CUSIP,ISIN,FIGI,ListingExchange,UnderlyingConid,UnderlyingSymbol,UnderlyingSecurityID,UnderlyingListingExchange,Issuer,IssuerCountryCode,Multiplier,Strike,Expiry,Put/Call,PrincipalAdjustFactor,ReportDate,Date,DateTime,SettleDate,Type,Direction,TransferCompany,TransferAccount,TransferAccountName,DeliveringBroker,Quantity,TransferPrice,PositionAmount,PositionAmountInBase,PnlAmount,PnlAmountInBase,CashTransfer,Code,ClientReference,TransactionID,LevelOfDetail,PositionInstructionID,PositionInstructionSetID,SerialNumber,DeliveryType,CommodityType,Fineness,Weight
U0008402,Portfolio2,,USD,0.82709,STK,COMMON,AM,ANTERO MIDSTREAM CORP,355947671,US03676B1026,ISIN,03676B102,US03676B1026,,NYSE,,,,,,,1,,,,,2021-03-02,2021-03-01,2021-03-01 20:26:00,2021-03-02,INTERCOMPANY,IN,--,U2708402,,,5000,0,44100,36474.669,0,0,0,,,90037433,TRANSFER,,,,,,0.0,0.0
U0008402,Portfolio2,,USD,0.82709,STK,COMMON,AR,ANTERO RESOURCES CORP,135942630,US03674X1063,ISIN,03674X106,US03674X1063,,NYSE,,,,,,,1,,,,,2021-03-02,2021-03-01,2021-03-01 20:26:00,2021-03-02,INTERCOMPANY,IN,--,U2708402,,,200,0,1800,1488.762,0,0,0,,,90037405,TRANSFER,,,,,,0.0,0.0
U0008402,Portfolio2,,USD,0.82709,STK,COMMON,CNQ,CANADIAN NATURAL RESOURCES,11926119,CA1363851017,ISIN,136385101,CA1363851017,,NYSE,,,,,,,1,,,,,2021-03-02,2021-03-01,2021-03-01 20:26:00,2021-03-02,INTERCOMPANY,IN,--,U2708402,,,500,0,13645,11285.64305,0,0,0,,,90037388,TRANSFER,,,,,,0.0,0.0
U0008402,Portfolio2,,USD,0.82709,STK,COMMON,TSLA,TESLA INC,76792991,US88160R1014,ISIN,88160R101,US88160R1014,,NASDAQ,,,,,,,1,,,,,2021-03-02,2021-03-01,2021-03-01 20:26:00,2021-03-02,INTERCOMPANY,IN,--,U2708402,,,-20,0,-13510,-11173.9859,0,0,0,,,90037398,TRANSFER,,,,,,0.0,0.0
