ClientAccountID,AccountAlias,Model,CurrencyPrimary,FXRateToBase,AssetClass,Symbol,Description,Conid,SecurityID,SecurityIDType,CUSIP,ISIN,ListingExchange,UnderlyingConid,UnderlyingSymbol,UnderlyingSecurityID,UnderlyingListingExchange,Issuer,Multiplier,Strike,Expiry,Put/Call,PrincipalAdjustFactor,ReportDate,Quantity,MarkPrice,PositionValue,OpenPrice,CostBasisPrice,CostBasisMoney,PercentOfNAV,FifoPnlUnrealized,Side,LevelOfDetail,OpenDateTime,HoldingPeriodDateTime,VestingDate,Code,OriginatingOrderID,OriginatingTransactionID,AccruedInterest
U***8402,Portfolio2,,USD,0.91555,STK,AM,ANTERO MIDSTREAM CORP,355947671,US03676B1026,ISIN,03676B102,US03676B1026,NYSE,,AM,,,,1,,,,,2025-03-17,3500,17.43,61005,0.427349009,0.427349009,1495.721533,21.80,59509.278467,Long,SUMMARY,,,,,,,
U***8402,Portfolio2,,USD,0.91555,STK,CNQ,CANADIAN NATURAL RESOURCES,11926119,CA1363851017,ISIN,136385101,CA1363851017,NYSE,,CNQ,,,,1,,,,,2025-03-17,500,29.83,14915,28.75377035,28.75377035,14376.885175,5.33,538.114825,Long,SUMMARY,,,,,,,
U***8402,Portfolio2,,USD,0.91555,STK,TSLA,TESLA INC,76792991,US88160R1014,ISIN,88160R101,US88160R1014,NASDAQ,,TSLA,,,,1,,,,,2025-03-17,-15,238.01,-3570.15,344.786642067,344.786642067,-5171.799631,100.00,1601.649631,Short,SUMMARY,,,,,,,
U***1429,Portfolio1,,USD,0.91555,STK,AM,ANTERO MIDSTREAM CORP,355947671,US03676B1026,ISIN,03676B102,US03676B1026,NYSE,,AM,,,,1,,,,,2025-03-17,3500,17.43,61005,5.7705,5.7705,20196.75,7.42,40808.25,Long,SUMMARY,,,,,,,
U***1429,Portfolio1,,USD,0.91555,STK,AR,ANTERO RESOURCES CORP,135942630,US03674X1063,ISIN,03674X106,US03674X1063,NYSE,,AR,,,,1,,,,,2025-03-17,500,38.9,19450,22.418976914,22.418976914,11209.488457,2.37,8240.511543,Long,SUMMARY,,,,,,,
U***1429,Portfolio1,,USD,0.91555,STK,CNQ,CANADIAN NATURAL RESOURCES,11926119,CA1363851017,ISIN,136385101,CA1363851017,NYSE,,CNQ,,,,1,,,,,2025-03-17,500,29.83,14915,11.81,11.81,5905,1.81,9010,Long,SUMMARY,,,,,,,
