ClientAccountID,AccountAlias,Model,CurrencyPrimary,FXRateToBase,AssetClass,Symbol,Description,Conid,SecurityID,SecurityIDType,CUSIP,ISIN,ListingExchange,UnderlyingConid,UnderlyingSymbol,UnderlyingSecurityID,UnderlyingListingExchange,Issuer,Multiplier,Strike,Expiry,Put/Call,PrincipalAdjustFactor,ReportDate,Quantity,MarkPrice,PositionValue,OpenPrice,CostBasisPrice,CostBasisMoney,PercentOfNAV,FifoPnlUnrealized,Side,LevelOfDetail,OpenDateTime,HoldingPeriodDateTime,VestingDate,Code,OriginatingOrderID,OriginatingTransactionID,AccruedInterest
U***8402,Portfolio2,,USD,0.92019,STK,AM,ANTERO MIDSTREAM CORP,355947671,US03676B1026,ISIN,03676B102,US03676B1026,NYSE,,AM,,,,1,,,,,2024-10-18,3900,15.15,59085,1.017371314,1.017371314,3967.748124,21.99,55117.251876,Long,SUMMARY,,,,,,,
U***8402,Portfolio2,,USD,0.92019,STK,AR,ANTERO RESOURCES CORP,135942630,US03674X1063,ISIN,03674X106,US03674X1063,NYSE,,AR,,,,1,,,,,2024-10-18,200,26.84,5368,20.5535665,20.5535665,4110.7133,2.00,1257.2867,Long,SUMMARY,,,,,,,
U***8402,Portfolio2,,USD,0.92019,STK,CNQ,CANADIAN NATURAL RESOURCES,11926119,CA1363851017,ISIN,136385101,CA1363851017,NYSE,,CNQ,,,,1,,,,,2024-10-18,600,35.56,21336,28.99727875,28.99727875,17398.36725,7.94,3937.63275,Long,SUMMARY,,,,,,,
U***8402,Portfolio2,,USD,0.92019,STK,TSLA,TESLA INC,76792991,US88160R1014,ISIN,88160R101,US88160R1014,NASDAQ,,TSLA,,,,1,,,,,2024-10-18,-15,220.7,-3310.5,344.786642067,344.786642067,-5171.799631,100.00,1861.299631,Short,SUMMARY,,,,,,,
U***1429,Portfolio1,,USD,0.92019,STK,AM,ANTERO MIDSTREAM CORP,355947671,US03676B1026,ISIN,03676B102,US03676B1026,NYSE,,AM,,,,1,,,,,2024-10-18,3500,15.15,53025,6.4185,6.4185,22464.75,6.76,30560.25,Long,SUMMARY,,,,,,,
U***1429,Portfolio1,,USD,0.92019,STK,AR,ANTERO RESOURCES CORP,135942630,US03674X1063,ISIN,03674X106,US03674X1063,NYSE,,AR,,,,1,,,,,2024-10-18,600,26.84,16104,22.418976913,22.418976913,13451.386148,2.05,2652.613852,Long,SUMMARY,,,,,,,
U***1429,Portfolio1,,USD,0.92019,STK,CNQ,CANADIAN NATURAL RESOURCES,11926119,CA1363851017,ISIN,136385101,CA1363851017,NYSE,,CNQ,,,,1,,,,,2024-10-18,600,35.56,21336,11.81,11.81,7086,2.72,14250,Long,SUMMARY,,,,,,,
