ClientAccountID,AccountAlias,Model,CurrencyPrimary,FXRateToBase,AssetClass,Symbol,Description,Conid,SecurityID,SecurityIDType,CUSIP,ISIN,ListingExchange,UnderlyingConid,UnderlyingSymbol,UnderlyingSecurityID,UnderlyingListingExchange,Issuer,Multiplier,Strike,Expiry,Put/Call,PrincipalAdjustFactor,ReportDate,Quantity,MarkPrice,PositionValue,OpenPrice,CostBasisPrice,CostBasisMoney,PercentOfNAV,FifoPnlUnrealized,Side,LevelOfDetail,OpenDateTime,HoldingPeriodDateTime,VestingDate,Code,OriginatingOrderID,OriginatingTransactionID,AccruedInterest
U***8402,Portfolio2,,USD,0.91609,STK,AM,ANTERO MIDSTREAM CORP,355947671,US03676B1026,ISIN,03676B102,US03676B1026,NYSE,,,,,,1,,,,,2024-08-09,3900,13.85,54015,1.017371314,1.017371314,3967.748124,20.88,50047.251876,Long,SUMMARY,,,,,,,
U***8402,Portfolio2,,USD,0.91609,STK,AR,ANTERO RESOURCES CORP,135942630,US03674X1063,ISIN,03674X106,US03674X1063,NYSE,,,,,,1,,,,,2024-08-09,200,26.71,5342,20.5535665,20.5535665,4110.7133,2.07,1231.2867,Long,SUMMARY,,,,,,,
U***8402,Portfolio2,,USD,0.91609,STK,CNQ,CANADIAN NATURAL RESOURCES,11926119,CA1363851017,ISIN,136385101,CA1363851017,NYSE,,,,,,1,,,,,2024-08-09,600,34.82,20892,28.99727875,28.99727875,17398.36725,8.08,3493.63275,Long,SUMMARY,,,,,,,
U***8402,Portfolio2,,USD,0.91609,STK,TSLA,TESLA INC,76792991,US88160R1014,ISIN,88160R101,US88160R1014,NASDAQ,,,,,,1,,,,,2024-08-09,-15,200,-3000,344.786642067,344.786642067,-5171.799631,100.00,2171.799631,Short,SUMMARY,,,,,,,
U***1429,Portfolio1,,USD,0.91609,STK,AM,ANTERO MIDSTREAM CORP,355947671,US03676B1026,ISIN,03676B102,US03676B1026,NYSE,,,,,,1,,,,,2024-08-09,3500,13.85,48475,6.4185,6.4185,22464.75,6.63,26010.25,Long,SUMMARY,,,,,,,
U***1429,Portfolio1,,USD,0.91609,STK,AR,ANTERO RESOURCES CORP,135942630,US03674X1063,ISIN,03674X106,US03674X1063,NYSE,,,,,,1,,,,,2024-08-09,600,26.71,16026,22.418976913,22.418976913,13451.386148,2.19,2574.613852,Long,SUMMARY,,,,,,,
U***1429,Portfolio1,,USD,0.91609,STK,CNQ,CANADIAN NATURAL RESOURCES,11926119,CA1363851017,ISIN,136385101,CA1363851017,NYSE,,,,,,1,,,,,2024-08-09,600,34.82,20892,11.81,11.81,7086,2.86,13806,Long,SUMMARY,,,,,,,
