ClientAccountID,AccountAlias,Model,CurrencyPrimary,FXRateToBase,AssetClass,Symbol,Description,Conid,SecurityID,SecurityIDType,CUSIP,ISIN,ListingExchange,UnderlyingConid,UnderlyingSymbol,UnderlyingSecurityID,UnderlyingListingExchange,Issuer,Multiplier,Strike,Expiry,Put/Call,PrincipalAdjustFactor,ReportDate,Quantity,MarkPrice,PositionValue,OpenPrice,CostBasisPrice,CostBasisMoney,PercentOfNAV,FifoPnlUnrealized,Side,LevelOfDetail,OpenDateTime,HoldingPeriodDateTime,VestingDate,Code,OriginatingOrderID,OriginatingTransactionID,AccruedInterest
U***8402,Portfolio2,,USD,0.90208,STK,AM,ANTERO MIDSTREAM CORP,355947671,US03676B1026,ISIN,03676B102,US03676B1026,NYSE,,,,,,1,,,,,2024-08-19,3900,14.76,57564,1.017371314,1.017371314,3967.748124,21.45,53596.251876,Long,SUMMARY,,,,,,,
U***8402,Portfolio2,,USD,0.90208,STK,AR,ANTERO RESOURCES CORP,135942630,US03674X1063,ISIN,03674X106,US03674X1063,NYSE,,,,,,1,,,,,2024-08-19,200,28.78,5756,20.5535665,20.5535665,4110.7133,2.15,1645.2867,Long,SUMMARY,,,,,,,
U***8402,Portfolio2,,USD,0.90208,STK,CNQ,CANADIAN NATURAL RESOURCES,11926119,CA1363851017,ISIN,136385101,CA1363851017,NYSE,,,,,,1,,,,,2024-08-19,600,36.61,21966,28.99727875,28.99727875,17398.36725,8.19,4567.63275,Long,SUMMARY,,,,,,,
U***8402,Portfolio2,,USD,0.90208,STK,TSLA,TESLA INC,76792991,US88160R1014,ISIN,88160R101,US88160R1014,NASDAQ,,,,,,1,,,,,2024-08-19,-15,222.72,-3340.8,344.786642067,344.786642067,-5171.799631,100.00,1830.999631,Short,SUMMARY,,,,,,,
U***1429,Portfolio1,,USD,0.90208,STK,AM,ANTERO MIDSTREAM CORP,355947671,US03676B1026,ISIN,03676B102,US03676B1026,NYSE,,,,,,1,,,,,2024-08-19,3500,14.76,51660,6.4185,6.4185,22464.75,6.94,29195.25,Long,SUMMARY,,,,,,,
U***1429,Portfolio1,,USD,0.90208,STK,AR,ANTERO RESOURCES CORP,135942630,US03674X1063,ISIN,03674X106,US03674X1063,NYSE,,,,,,1,,,,,2024-08-19,600,28.78,17268,22.418976913,22.418976913,13451.386148,2.32,3816.613852,Long,SUMMARY,,,,,,,
U***1429,Portfolio1,,USD,0.90208,STK,CNQ,CANADIAN NATURAL RESOURCES,11926119,CA1363851017,ISIN,136385101,CA1363851017,NYSE,,,,,,1,,,,,2024-08-19,600,36.61,21966,11.81,11.81,7086,2.95,14880,Long,SUMMARY,,,,,,,
