ClientAccountID,AccountAlias,Model,CurrencyPrimary,FXRateToBase,AssetClass,Symbol,Description,Conid,SecurityID,SecurityIDType,CUSIP,ISIN,ListingExchange,UnderlyingConid,UnderlyingSymbol,UnderlyingSecurityID,UnderlyingListingExchange,Issuer,Multiplier,Strike,Expiry,Put/Call,PrincipalAdjustFactor,ReportDate,Quantity,MarkPrice,PositionValue,OpenPrice,CostBasisPrice,CostBasisMoney,PercentOfNAV,FifoPnlUnrealized,Side,LevelOfDetail,OpenDateTime,HoldingPeriodDateTime,VestingDate,Code,OriginatingOrderID,OriginatingTransactionID,AccruedInterest
U***8402,Portfolio2,,USD,0.92412,STK,AM,ANTERO MIDSTREAM CORP,355947671,US03676B1026,ISIN,03676B102,US03676B1026,NYSE,,,,,,1,,,,,2024-07-29,3900,14.35,55965,1.017371314,1.017371314,3967.748124,20.34,51997.251876,Long,SUMMARY,,,,,,,
U***8402,Portfolio2,,USD,0.92412,STK,AR,ANTERO RESOURCES CORP,135942630,US03674X1063,ISIN,03674X106,US03674X1063,NYSE,,,,,,1,,,,,2024-07-29,200,29.17,5834,20.5535665,20.5535665,4110.7133,2.12,1723.2867,Long,SUMMARY,,,,,,,
U***8402,Portfolio2,,USD,0.92412,STK,CNQ,CANADIAN NATURAL RESOURCES,11926119,CA1363851017,ISIN,136385101,CA1363851017,NYSE,,,,,,1,,,,,2024-07-29,600,34.09,20454,28.99727875,28.99727875,17398.36725,7.43,3055.63275,Long,SUMMARY,,,,,,,
U***8402,Portfolio2,,USD,0.92412,STK,TSLA,TESLA INC,76792991,US88160R1014,ISIN,88160R101,US88160R1014,NASDAQ,,,,,,1,,,,,2024-07-29,-15,232.1,-3481.5,344.786642067,344.786642067,-5171.799631,100.00,1690.299631,Short,SUMMARY,,,,,,,
U***1429,Portfolio1,,USD,0.92412,STK,AM,ANTERO MIDSTREAM CORP,355947671,US03676B1026,ISIN,03676B102,US03676B1026,NYSE,,,,,,1,,,,,2024-07-29,3500,14.35,50225,6.4185,6.4185,22464.75,7.21,27760.25,Long,SUMMARY,,,,,,,
U***1429,Portfolio1,,USD,0.92412,STK,AR,ANTERO RESOURCES CORP,135942630,US03674X1063,ISIN,03674X106,US03674X1063,NYSE,,,,,,1,,,,,2024-07-29,600,29.17,17502,22.418976913,22.418976913,13451.386148,2.51,4050.613852,Long,SUMMARY,,,,,,,
U***1429,Portfolio1,,USD,0.92412,STK,CNQ,CANADIAN NATURAL RESOURCES,11926119,CA1363851017,ISIN,136385101,CA1363851017,NYSE,,,,,,1,,,,,2024-07-29,600,34.09,20454,11.81,11.81,7086,2.93,13368,Long,SUMMARY,,,,,,,
