ClientAccountID,AccountAlias,Model,CurrencyPrimary,FXRateToBase,AssetClass,Symbol,Description,Conid,SecurityID,SecurityIDType,CUSIP,ISIN,ListingExchange,UnderlyingConid,UnderlyingSymbol,UnderlyingSecurityID,UnderlyingListingExchange,Issuer,Multiplier,Strike,Expiry,Put/Call,PrincipalAdjustFactor,ReportDate,Quantity,MarkPrice,PositionValue,OpenPrice,CostBasisPrice,CostBasisMoney,PercentOfNAV,FifoPnlUnrealized,Side,LevelOfDetail,OpenDateTime,HoldingPeriodDateTime,VestingDate,Code,OriginatingOrderID,OriginatingTransactionID,AccruedInterest
U***8402,Portfolio2,,USD,0.89449,STK,AM,ANTERO MIDSTREAM CORP,355947671,US03676B1026,ISIN,03676B102,US03676B1026,NYSE,,,,,,1,,,,,2024-09-24,3900,15.1,58890,1.017371314,1.017371314,3967.748124,20.99,54922.251876,Long,SUMMARY,,,,,,,
U***8402,Portfolio2,,USD,0.89449,STK,AR,ANTERO RESOURCES CORP,135942630,US03674X1063,ISIN,03674X106,US03674X1063,NYSE,,,,,,1,,,,,2024-09-24,200,28.38,5676,20.5535665,20.5535665,4110.7133,2.02,1565.2867,Long,SUMMARY,,,,,,,
U***8402,Portfolio2,,USD,0.89449,STK,CNQ,CANADIAN NATURAL RESOURCES,11926119,CA1363851017,ISIN,136385101,CA1363851017,NYSE,,,,,,1,,,,,2024-09-24,600,34.61,20766,28.99727875,28.99727875,17398.36725,7.40,3367.63275,Long,SUMMARY,,,,,,,
U***8402,Portfolio2,,USD,0.89449,STK,TSLA,TESLA INC,76792991,US88160R1014,ISIN,88160R101,US88160R1014,NASDAQ,,,,,,1,,,,,2024-09-24,-15,254.27,-3814.05,344.786642067,344.786642067,-5171.799631,100.00,1357.749631,Short,SUMMARY,,,,,,,
U***1429,Portfolio1,,USD,0.89449,STK,AM,ANTERO MIDSTREAM CORP,355947671,US03676B1026,ISIN,03676B102,US03676B1026,NYSE,,,,,,1,,,,,2024-09-24,3500,15.1,52850,6.4185,6.4185,22464.75,7.17,30385.25,Long,SUMMARY,,,,,,,
U***1429,Portfolio1,,USD,0.89449,STK,AR,ANTERO RESOURCES CORP,135942630,US03674X1063,ISIN,03674X106,US03674X1063,NYSE,,,,,,1,,,,,2024-09-24,600,28.38,17028,22.418976913,22.418976913,13451.386148,2.31,3576.613852,Long,SUMMARY,,,,,,,
U***1429,Portfolio1,,USD,0.89449,STK,CNQ,CANADIAN NATURAL RESOURCES,11926119,CA1363851017,ISIN,136385101,CA1363851017,NYSE,,,,,,1,,,,,2024-09-24,600,34.61,20766,11.81,11.81,7086,2.82,13680,Long,SUMMARY,,,,,,,
