ClientAccountID,AccountAlias,Model,CurrencyPrimary,FXRateToBase,AssetClass,Symbol,Description,Conid,SecurityID,SecurityIDType,CUSIP,ISIN,ListingExchange,UnderlyingConid,UnderlyingSymbol,UnderlyingSecurityID,UnderlyingListingExchange,Issuer,Multiplier,Strike,Expiry,Put/Call,PrincipalAdjustFactor,ReportDate,Quantity,MarkPrice,PositionValue,OpenPrice,CostBasisPrice,CostBasisMoney,PercentOfNAV,FifoPnlUnrealized,Side,LevelOfDetail,OpenDateTime,HoldingPeriodDateTime,VestingDate,Code,OriginatingOrderID,OriginatingTransactionID,AccruedInterest
U***8402,Portfolio2,,USD,0.89592,STK,AM,ANTERO MIDSTREAM CORP,355947671,US03676B1026,ISIN,03676B102,US03676B1026,NYSE,,,,,,1,,,,,2024-09-19,3900,14.58,56862,1.017371314,1.017371314,3967.748124,20.30,52894.251876,Long,SUMMARY,,,,,,,
U***8402,Portfolio2,,USD,0.89592,STK,AR,ANTERO RESOURCES CORP,135942630,US03674X1063,ISIN,03674X106,US03674X1063,NYSE,,,,,,1,,,,,2024-09-19,200,27.25,5450,20.5535665,20.5535665,4110.7133,1.95,1339.2867,Long,SUMMARY,,,,,,,
U***8402,Portfolio2,,USD,0.89592,STK,CNQ,CANADIAN NATURAL RESOURCES,11926119,CA1363851017,ISIN,136385101,CA1363851017,NYSE,,,,,,1,,,,,2024-09-19,600,33.77,20262,28.99727875,28.99727875,17398.36725,7.23,2863.63275,Long,SUMMARY,,,,,,,
U***8402,Portfolio2,,USD,0.89592,STK,TSLA,TESLA INC,76792991,US88160R1014,ISIN,88160R101,US88160R1014,NASDAQ,,,,,,1,,,,,2024-09-19,-15,243.92,-3658.8,344.786642067,344.786642067,-5171.799631,100.00,1512.999631,Short,SUMMARY,,,,,,,
U***1429,Portfolio1,,USD,0.89592,STK,AM,ANTERO MIDSTREAM CORP,355947671,US03676B1026,ISIN,03676B102,US03676B1026,NYSE,,,,,,1,,,,,2024-09-19,3500,14.58,51030,6.4185,6.4185,22464.75,6.91,28565.25,Long,SUMMARY,,,,,,,
U***1429,Portfolio1,,USD,0.89592,STK,AR,ANTERO RESOURCES CORP,135942630,US03674X1063,ISIN,03674X106,US03674X1063,NYSE,,,,,,1,,,,,2024-09-19,600,27.25,16350,22.418976913,22.418976913,13451.386148,2.21,2898.613852,Long,SUMMARY,,,,,,,
U***1429,Portfolio1,,USD,0.89592,STK,CNQ,CANADIAN NATURAL RESOURCES,11926119,CA1363851017,ISIN,136385101,CA1363851017,NYSE,,,,,,1,,,,,2024-09-19,600,33.77,20262,11.81,11.81,7086,2.74,13176,Long,SUMMARY,,,,,,,
