ClientAccountID,AccountAlias,Model,CurrencyPrimary,FXRateToBase,AssetClass,Symbol,Description,Conid,SecurityID,SecurityIDType,CUSIP,ISIN,ListingExchange,UnderlyingConid,UnderlyingSymbol,UnderlyingSecurityID,UnderlyingListingExchange,Issuer,Multiplier,Strike,Expiry,Put/Call,PrincipalAdjustFactor,ReportDate,Quantity,MarkPrice,PositionValue,OpenPrice,CostBasisPrice,CostBasisMoney,PercentOfNAV,FifoPnlUnrealized,Side,LevelOfDetail,OpenDateTime,HoldingPeriodDateTime,VestingDate,Code,OriginatingOrderID,OriginatingTransactionID,AccruedInterest
U***8402,Portfolio2,,USD,0.8795,STK,AM,ANTERO MIDSTREAM CORP,355947671,US03676B1026,ISIN,03676B102,US03676B1026,NYSE,,AM,,,,1,,,,,2025-05-06,3500,17.51,61285,0.427349009,0.427349009,1495.721533,27.14,59789.278467,Long,SUMMARY,,,,,,,
U***8402,Portfolio2,,USD,0.8795,STK,CNQ,CANADIAN NATURAL RESOURCES,11926119,CA1363851017,ISIN,136385101,CA1363851017,NYSE,,CNQ,,,,1,,,,,2025-05-06,500,28.53,14265,28.75377035,28.75377035,14376.885175,6.32,-111.885175,Long,SUMMARY,,,,,,,
U***8402,Portfolio2,,USD,0.8795,STK,TSLA,TESLA INC,76792991,US88160R1014,ISIN,88160R101,US88160R1014,NASDAQ,,TSLA,,,,1,,,,,2025-05-06,-15,275.35,-4130.25,344.786642067,344.786642067,-5171.799631,100.00,1041.549631,Short,SUMMARY,,,,,,,
U***1429,Portfolio1,,USD,0.8795,STK,AM,ANTERO MIDSTREAM CORP,355947671,US03676B1026,ISIN,03676B102,US03676B1026,NYSE,,AM,,,,1,,,,,2025-05-06,3500,17.51,61285,5.7705,5.7705,20196.75,8.75,41088.25,Long,SUMMARY,,,,,,,
U***1429,Portfolio1,,USD,0.8795,STK,CNQ,CANADIAN NATURAL RESOURCES,11926119,CA1363851017,ISIN,136385101,CA1363851017,NYSE,,CNQ,,,,1,,,,,2025-05-06,500,28.53,14265,11.81,11.81,5905,2.04,8360,Long,SUMMARY,,,,,,,
