ClientAccountID,AccountAlias,Model,CurrencyPrimary,FXRateToBase,AssetClass,Symbol,Description,Conid,SecurityID,SecurityIDType,CUSIP,ISIN,ListingExchange,UnderlyingConid,UnderlyingSymbol,UnderlyingSecurityID,UnderlyingListingExchange,Issuer,Multiplier,Strike,Expiry,Put/Call,PrincipalAdjustFactor,ReportDate,Quantity,MarkPrice,PositionValue,OpenPrice,CostBasisPrice,CostBasisMoney,PercentOfNAV,FifoPnlUnrealized,Side,LevelOfDetail,OpenDateTime,HoldingPeriodDateTime,VestingDate,Code,OriginatingOrderID,OriginatingTransactionID,AccruedInterest
U***8402,Portfolio2,,USD,0.97399,STK,AM,ANTERO MIDSTREAM CORP,355947671,US03676B1026,ISIN,03676B102,US03676B1026,NYSE,,AM,,,,1,,,,,2025-01-02,3500,15.48,54180,0.955959657,0.955959657,3345.858799,20.41,50834.141201,Long,SUMMARY,,,,,,,
U***8402,Portfolio2,,USD,0.97399,STK,CNQ,CANADIAN NATURAL RESOURCES,11926119,CA1363851017,ISIN,136385101,CA1363851017,NYSE,,CNQ,,,,1,,,,,2025-01-02,500,31.36,15680,28.75377035,28.75377035,14376.885175,5.91,1303.114825,Long,SUMMARY,,,,,,,
U***8402,Portfolio2,,USD,0.97399,STK,TSLA,TESLA INC,76792991,US88160R1014,ISIN,88160R101,US88160R1014,NASDAQ,,TSLA,,,,1,,,,,2025-01-02,-15,379.28,-5689.2,344.786642067,344.786642067,-5171.799631,100.00,-517.400369,Short,SUMMARY,,,,,,,
U***1429,Portfolio1,,USD,0.97399,STK,AM,ANTERO MIDSTREAM CORP,355947671,US03676B1026,ISIN,03676B102,US03676B1026,NYSE,,AM,,,,1,,,,,2025-01-02,3500,15.48,54180,6.4185,6.4185,22464.75,7.47,31715.25,Long,SUMMARY,,,,,,,
U***1429,Portfolio1,,USD,0.97399,STK,AR,ANTERO RESOURCES CORP,135942630,US03674X1063,ISIN,03674X106,US03674X1063,NYSE,,AR,,,,1,,,,,2025-01-02,500,35.57,17785,22.418976914,22.418976914,11209.488457,2.45,6575.511543,Long,SUMMARY,,,,,,,
U***1429,Portfolio1,,USD,0.97399,STK,CNQ,CANADIAN NATURAL RESOURCES,11926119,CA1363851017,ISIN,136385101,CA1363851017,NYSE,,CNQ,,,,1,,,,,2025-01-02,500,31.36,15680,11.81,11.81,5905,2.16,9775,Long,SUMMARY,,,,,,,
