ClientAccountID,AccountAlias,Model,CurrencyPrimary,FXRateToBase,AssetClass,Symbol,Description,Conid,SecurityID,SecurityIDType,CUSIP,ISIN,ListingExchange,UnderlyingConid,UnderlyingSymbol,UnderlyingSecurityID,UnderlyingListingExchange,Issuer,Multiplier,Strike,Expiry,Put/Call,PrincipalAdjustFactor,ReportDate,Quantity,MarkPrice,PositionValue,OpenPrice,CostBasisPrice,CostBasisMoney,PercentOfNAV,FifoPnlUnrealized,Side,LevelOfDetail,OpenDateTime,HoldingPeriodDateTime,VestingDate,Code,OriginatingOrderID,OriginatingTransactionID,AccruedInterest
U***8402,Portfolio2,,USD,0.89848,STK,AM,ANTERO MIDSTREAM CORP,355947671,US03676B1026,ISIN,03676B102,US03676B1026,NYSE,,,,,,1,,,,,2024-08-20,3900,14.52,56628,1.017371314,1.017371314,3967.748124,21.27,52660.251876,Long,SUMMARY,,,,,,,
U***8402,Portfolio2,,USD,0.89848,STK,AR,ANTERO RESOURCES CORP,135942630,US03674X1063,ISIN,03674X106,US03674X1063,NYSE,,,,,,1,,,,,2024-08-20,200,28.34,5668,20.5535665,20.5535665,4110.7133,2.13,1557.2867,Long,SUMMARY,,,,,,,
U***8402,Portfolio2,,USD,0.89848,STK,CNQ,CANADIAN NATURAL RESOURCES,11926119,CA1363851017,ISIN,136385101,CA1363851017,NYSE,,,,,,1,,,,,2024-08-20,600,35.7,21420,28.99727875,28.99727875,17398.36725,8.04,4021.63275,Long,SUMMARY,,,,,,,
U***8402,Portfolio2,,USD,0.89848,STK,TSLA,TESLA INC,76792991,US88160R1014,ISIN,88160R101,US88160R1014,NASDAQ,,,,,,1,,,,,2024-08-20,-15,221.1,-3316.5,344.786642067,344.786642067,-5171.799631,100.00,1855.299631,Short,SUMMARY,,,,,,,
U***1429,Portfolio1,,USD,0.89848,STK,AM,ANTERO MIDSTREAM CORP,355947671,US03676B1026,ISIN,03676B102,US03676B1026,NYSE,,,,,,1,,,,,2024-08-20,3500,14.52,50820,6.4185,6.4185,22464.75,6.85,28355.25,Long,SUMMARY,,,,,,,
U***1429,Portfolio1,,USD,0.89848,STK,AR,ANTERO RESOURCES CORP,135942630,US03674X1063,ISIN,03674X106,US03674X1063,NYSE,,,,,,1,,,,,2024-08-20,600,28.34,17004,22.418976913,22.418976913,13451.386148,2.29,3552.613852,Long,SUMMARY,,,,,,,
U***1429,Portfolio1,,USD,0.89848,STK,CNQ,CANADIAN NATURAL RESOURCES,11926119,CA1363851017,ISIN,136385101,CA1363851017,NYSE,,,,,,1,,,,,2024-08-20,600,35.7,21420,11.81,11.81,7086,2.89,14334,Long,SUMMARY,,,,,,,
