ClientAccountID,AccountAlias,Model,CurrencyPrimary,FXRateToBase,AssetClass,Symbol,Description,Conid,SecurityID,SecurityIDType,CUSIP,ISIN,ListingExchange,UnderlyingConid,UnderlyingSymbol,UnderlyingSecurityID,UnderlyingListingExchange,Issuer,Multiplier,Strike,Expiry,Put/Call,PrincipalAdjustFactor,ReportDate,Quantity,MarkPrice,PositionValue,OpenPrice,CostBasisPrice,CostBasisMoney,PercentOfNAV,FifoPnlUnrealized,Side,LevelOfDetail,OpenDateTime,HoldingPeriodDateTime,VestingDate,Code,OriginatingOrderID,OriginatingTransactionID,AccruedInterest
U***8402,Portfolio2,,USD,0.93293,STK,AM,ANTERO MIDSTREAM CORP,355947671,US03676B1026,ISIN,03676B102,US03676B1026,NYSE,,AM,,,,1,,,,,2024-11-08,3900,15.36,59904,1.017371314,1.017371314,3967.748124,23.23,55936.251876,Long,SUMMARY,,,,,,,
U***8402,Portfolio2,,USD,0.93293,STK,AR,ANTERO RESOURCES CORP,135942630,US03674X1063,ISIN,03674X106,US03674X1063,NYSE,,AR,,,,1,,,,,2024-11-08,200,29.23,5846,20.5535665,20.5535665,4110.7133,2.27,1735.2867,Long,SUMMARY,,,,,,,
U***8402,Portfolio2,,USD,0.93293,STK,CNQ,CANADIAN NATURAL RESOURCES,11926119,CA1363851017,ISIN,136385101,CA1363851017,NYSE,,CNQ,,,,1,,,,,2024-11-08,600,34.17,20502,28.99727875,28.99727875,17398.36725,7.95,3103.63275,Long,SUMMARY,,,,,,,
U***8402,Portfolio2,,USD,0.93293,STK,TSLA,TESLA INC,76792991,US88160R1014,ISIN,88160R101,US88160R1014,NASDAQ,,TSLA,,,,1,,,,,2024-11-08,-15,321.22,-4818.3,344.786642067,344.786642067,-5171.799631,100.00,353.499631,Short,SUMMARY,,,,,,,
U***1429,Portfolio1,,USD,0.93293,STK,AM,ANTERO MIDSTREAM CORP,355947671,US03676B1026,ISIN,03676B102,US03676B1026,NYSE,,AM,,,,1,,,,,2024-11-08,3500,15.36,53760,6.4185,6.4185,22464.75,7.03,31295.25,Long,SUMMARY,,,,,,,
U***1429,Portfolio1,,USD,0.93293,STK,AR,ANTERO RESOURCES CORP,135942630,US03674X1063,ISIN,03674X106,US03674X1063,NYSE,,AR,,,,1,,,,,2024-11-08,600,29.23,17538,22.418976913,22.418976913,13451.386148,2.29,4086.613852,Long,SUMMARY,,,,,,,
U***1429,Portfolio1,,USD,0.93293,STK,CNQ,CANADIAN NATURAL RESOURCES,11926119,CA1363851017,ISIN,136385101,CA1363851017,NYSE,,CNQ,,,,1,,,,,2024-11-08,600,34.17,20502,11.81,11.81,7086,2.68,13416,Long,SUMMARY,,,,,,,
