ClientAccountID,AccountAlias,Model,CurrencyPrimary,FXRateToBase,AssetClass,Symbol,Description,Conid,SecurityID,SecurityIDType,CUSIP,ISIN,ListingExchange,UnderlyingConid,UnderlyingSymbol,UnderlyingSecurityID,UnderlyingListingExchange,Issuer,Multiplier,Strike,Expiry,Put/Call,PrincipalAdjustFactor,ReportDate,Quantity,MarkPrice,PositionValue,OpenPrice,CostBasisPrice,CostBasisMoney,PercentOfNAV,FifoPnlUnrealized,Side,LevelOfDetail,OpenDateTime,HoldingPeriodDateTime,VestingDate,Code,OriginatingOrderID,OriginatingTransactionID,AccruedInterest
U***8402,Portfolio2,,USD,0.95274,STK,AM,ANTERO MIDSTREAM CORP,355947671,US03676B1026,ISIN,03676B102,US03676B1026,NYSE,,AM,,,,1,,,,,2024-11-25,3500,15.68,54880,0.955959657,0.955959657,3345.858799,20.57,51534.141201,Long,SUMMARY,,,,,,,
U***8402,Portfolio2,,USD,0.95274,STK,CNQ,CANADIAN NATURAL RESOURCES,11926119,CA1363851017,ISIN,136385101,CA1363851017,NYSE,,CNQ,,,,1,,,,,2024-11-25,500,34.03,17015,28.75377035,28.75377035,14376.885175,6.38,2638.114825,Long,SUMMARY,,,,,,,
U***8402,Portfolio2,,USD,0.95274,STK,TSLA,TESLA INC,76792991,US88160R1014,ISIN,88160R101,US88160R1014,NASDAQ,,TSLA,,,,1,,,,,2024-11-25,-15,338.59,-5078.85,344.786642067,344.786642067,-5171.799631,100.00,92.949631,Short,SUMMARY,,,,,,,
U***1429,Portfolio1,,USD,0.95274,STK,AM,ANTERO MIDSTREAM CORP,355947671,US03676B1026,ISIN,03676B102,US03676B1026,NYSE,,AM,,,,1,,,,,2024-11-25,3500,15.68,54880,6.4185,6.4185,22464.75,7.24,32415.25,Long,SUMMARY,,,,,,,
U***1429,Portfolio1,,USD,0.95274,STK,AR,ANTERO RESOURCES CORP,135942630,US03674X1063,ISIN,03674X106,US03674X1063,NYSE,,AR,,,,1,,,,,2024-11-25,500,33.23,16615,22.418976914,22.418976914,11209.488457,2.19,5405.511543,Long,SUMMARY,,,,,,,
U***1429,Portfolio1,,USD,0.95274,STK,CNQ,CANADIAN NATURAL RESOURCES,11926119,CA1363851017,ISIN,136385101,CA1363851017,NYSE,,CNQ,,,,1,,,,,2024-11-25,500,34.03,17015,11.81,11.81,5905,2.25,11110,Long,SUMMARY,,,,,,,
