ClientAccountID,AccountAlias,Model,CurrencyPrimary,FXRateToBase,AssetClass,Symbol,Description,Conid,SecurityID,SecurityIDType,CUSIP,ISIN,ListingExchange,UnderlyingConid,UnderlyingSymbol,UnderlyingSecurityID,UnderlyingListingExchange,Issuer,Multiplier,Strike,Expiry,Put/Call,PrincipalAdjustFactor,ReportDate,Quantity,MarkPrice,PositionValue,OpenPrice,CostBasisPrice,CostBasisMoney,PercentOfNAV,FifoPnlUnrealized,Side,LevelOfDetail,OpenDateTime,HoldingPeriodDateTime,VestingDate,Code,OriginatingOrderID,OriginatingTransactionID,AccruedInterest
U***8402,Portfolio2,,USD,0.96558,STK,AM,ANTERO MIDSTREAM CORP,355947671,US03676B1026,ISIN,03676B102,US03676B1026,NYSE,,AM,,,,1,,,,,2025-01-01,3500,15.09,52815,0.955959657,0.955959657,3345.858799,20.16,49469.141201,Long,SUMMARY,,,,,,,
U***8402,Portfolio2,,USD,0.96558,STK,CNQ,CANADIAN NATURAL RESOURCES,11926119,CA1363851017,ISIN,136385101,CA1363851017,NYSE,,CNQ,,,,1,,,,,2025-01-01,500,30.87,15435,28.75377035,28.75377035,14376.885175,5.89,1058.114825,Long,SUMMARY,,,,,,,
U***8402,Portfolio2,,USD,0.96558,STK,TSLA,TESLA INC,76792991,US88160R1014,ISIN,88160R101,US88160R1014,NASDAQ,,TSLA,,,,1,,,,,2025-01-01,-15,403.84,-6057.6,344.786642067,344.786642067,-5171.799631,100.00,-885.800369,Short,SUMMARY,,,,,,,
U***1429,Portfolio1,,USD,0.96558,STK,AM,ANTERO MIDSTREAM CORP,355947671,US03676B1026,ISIN,03676B102,US03676B1026,NYSE,,AM,,,,1,,,,,2025-01-01,3500,15.09,52815,6.4185,6.4185,22464.75,6.57,30350.25,Long,SUMMARY,,,,,,,
U***1429,Portfolio1,,USD,0.96558,STK,AR,ANTERO RESOURCES CORP,135942630,US03674X1063,ISIN,03674X106,US03674X1063,NYSE,,AR,,,,1,,,,,2025-01-01,500,35.05,17525,22.418976914,22.418976914,11209.488457,2.18,6315.511543,Long,SUMMARY,,,,,,,
U***1429,Portfolio1,,USD,0.96558,STK,CNQ,CANADIAN NATURAL RESOURCES,11926119,CA1363851017,ISIN,136385101,CA1363851017,NYSE,,CNQ,,,,1,,,,,2025-01-01,500,30.87,15435,11.81,11.81,5905,1.92,9530,Long,SUMMARY,,,,,,,
