ClientAccountID,AccountAlias,Model,CurrencyPrimary,FXRateToBase,AssetClass,Symbol,Description,Conid,SecurityID,SecurityIDType,CUSIP,ISIN,ListingExchange,UnderlyingConid,UnderlyingSymbol,UnderlyingSecurityID,UnderlyingListingExchange,Issuer,Multiplier,Strike,Expiry,Put/Call,PrincipalAdjustFactor,ReportDate,Quantity,MarkPrice,PositionValue,OpenPrice,CostBasisPrice,CostBasisMoney,PercentOfNAV,FifoPnlUnrealized,Side,LevelOfDetail,OpenDateTime,HoldingPeriodDateTime,VestingDate,Code,OriginatingOrderID,OriginatingTransactionID,AccruedInterest
U***8402,Portfolio2,,USD,0.92148,STK,AM,ANTERO MIDSTREAM CORP,355947671,US03676B1026,ISIN,03676B102,US03676B1026,NYSE,,AM,,,,1,,,,,2025-03-13,3500,16.92,59220,0.427349009,0.427349009,1495.721533,22.00,57724.278467,Long,SUMMARY,,,,,,,
U***8402,Portfolio2,,USD,0.92148,STK,CNQ,CANADIAN NATURAL RESOURCES,11926119,CA1363851017,ISIN,136385101,CA1363851017,NYSE,,CNQ,,,,1,,,,,2025-03-13,500,28.71,14355,28.75377035,28.75377035,14376.885175,5.33,-21.885175,Long,SUMMARY,,,,,,,
U***8402,Portfolio2,,USD,0.92148,STK,TSLA,TESLA INC,76792991,US88160R1014,ISIN,88160R101,US88160R1014,NASDAQ,,TSLA,,,,1,,,,,2025-03-13,-15,240.68,-3610.2,344.786642067,344.786642067,-5171.799631,100.00,1561.599631,Short,SUMMARY,,,,,,,
U***1429,Portfolio1,,USD,0.92148,STK,AM,ANTERO MIDSTREAM CORP,355947671,US03676B1026,ISIN,03676B102,US03676B1026,NYSE,,AM,,,,1,,,,,2025-03-13,3500,16.92,59220,5.7705,5.7705,20196.75,7.45,39023.25,Long,SUMMARY,,,,,,,
U***1429,Portfolio1,,USD,0.92148,STK,AR,ANTERO RESOURCES CORP,135942630,US03674X1063,ISIN,03674X106,US03674X1063,NYSE,,AR,,,,1,,,,,2025-03-13,500,36.37,18185,22.418976914,22.418976914,11209.488457,2.29,6975.511543,Long,SUMMARY,,,,,,,
U***1429,Portfolio1,,USD,0.92148,STK,CNQ,CANADIAN NATURAL RESOURCES,11926119,CA1363851017,ISIN,136385101,CA1363851017,NYSE,,CNQ,,,,1,,,,,2025-03-13,500,28.71,14355,11.81,11.81,5905,1.81,8450,Long,SUMMARY,,,,,,,
