ClientAccountID,AccountAlias,Model,CurrencyPrimary,FXRateToBase,AssetClass,Symbol,Description,Conid,SecurityID,SecurityIDType,CUSIP,ISIN,ListingExchange,UnderlyingConid,UnderlyingSymbol,UnderlyingSecurityID,UnderlyingListingExchange,Issuer,Multiplier,Strike,Expiry,Put/Call,PrincipalAdjustFactor,ReportDate,Quantity,MarkPrice,PositionValue,OpenPrice,CostBasisPrice,CostBasisMoney,PercentOfNAV,FifoPnlUnrealized,Side,LevelOfDetail,OpenDateTime,HoldingPeriodDateTime,VestingDate,Code,OriginatingOrderID,OriginatingTransactionID,AccruedInterest
U***8402,Portfolio2,,USD,0.92116,STK,AM,ANTERO MIDSTREAM CORP,355947671,US03676B1026,ISIN,03676B102,US03676B1026,NYSE,,AM,,,,1,,,,,2024-10-30,3900,15,58500,1.017371314,1.017371314,3967.748124,22.23,54532.251876,Long,SUMMARY,,,,,,,
U***8402,Portfolio2,,USD,0.92116,STK,AR,ANTERO RESOURCES CORP,135942630,US03674X1063,ISIN,03674X106,US03674X1063,NYSE,,AR,,,,1,,,,,2024-10-30,200,28.22,5644,20.5535665,20.5535665,4110.7133,2.14,1533.2867,Long,SUMMARY,,,,,,,
U***8402,Portfolio2,,USD,0.92116,STK,CNQ,CANADIAN NATURAL RESOURCES,11926119,CA1363851017,ISIN,136385101,CA1363851017,NYSE,,CNQ,,,,1,,,,,2024-10-30,600,34.19,20514,28.99727875,28.99727875,17398.36725,7.80,3115.63275,Long,SUMMARY,,,,,,,
U***8402,Portfolio2,,USD,0.92116,STK,TSLA,TESLA INC,76792991,US88160R1014,ISIN,88160R101,US88160R1014,NASDAQ,,TSLA,,,,1,,,,,2024-10-30,-15,257.55,-3863.25,344.786642067,344.786642067,-5171.799631,100.00,1308.549631,Short,SUMMARY,,,,,,,
U***1429,Portfolio1,,USD,0.92116,STK,AM,ANTERO MIDSTREAM CORP,355947671,US03676B1026,ISIN,03676B102,US03676B1026,NYSE,,AM,,,,1,,,,,2024-10-30,3500,15,52500,6.4185,6.4185,22464.75,6.90,30035.25,Long,SUMMARY,,,,,,,
U***1429,Portfolio1,,USD,0.92116,STK,AR,ANTERO RESOURCES CORP,135942630,US03674X1063,ISIN,03674X106,US03674X1063,NYSE,,AR,,,,1,,,,,2024-10-30,600,28.22,16932,22.418976913,22.418976913,13451.386148,2.23,3480.613852,Long,SUMMARY,,,,,,,
U***1429,Portfolio1,,USD,0.92116,STK,CNQ,CANADIAN NATURAL RESOURCES,11926119,CA1363851017,ISIN,136385101,CA1363851017,NYSE,,CNQ,,,,1,,,,,2024-10-30,600,34.19,20514,11.81,11.81,7086,2.70,13428,Long,SUMMARY,,,,,,,
