ClientAccountID,AccountAlias,Model,CurrencyPrimary,FXRateToBase,AssetClass,Symbol,Description,Conid,SecurityID,SecurityIDType,CUSIP,ISIN,ListingExchange,UnderlyingConid,UnderlyingSymbol,UnderlyingSecurityID,UnderlyingListingExchange,Issuer,Multiplier,Strike,Expiry,Put/Call,PrincipalAdjustFactor,ReportDate,Quantity,MarkPrice,PositionValue,OpenPrice,CostBasisPrice,CostBasisMoney,PercentOfNAV,FifoPnlUnrealized,Side,LevelOfDetail,OpenDateTime,HoldingPeriodDateTime,VestingDate,Code,OriginatingOrderID,OriginatingTransactionID,AccruedInterest
U***8402,Portfolio2,,USD,0.91883,STK,AM,ANTERO MIDSTREAM CORP,355947671,US03676B1026,ISIN,03676B102,US03676B1026,NYSE,,AM,,,,1,,,,,2024-10-31,3900,14.37,56043,1.017371314,1.017371314,3967.748124,21.76,52075.251876,Long,SUMMARY,,,,,,,
U***8402,Portfolio2,,USD,0.91883,STK,AR,ANTERO RESOURCES CORP,135942630,US03674X1063,ISIN,03674X106,US03674X1063,NYSE,,AR,,,,1,,,,,2024-10-31,200,25.88,5176,20.5535665,20.5535665,4110.7133,2.01,1065.2867,Long,SUMMARY,,,,,,,
U***8402,Portfolio2,,USD,0.91883,STK,CNQ,CANADIAN NATURAL RESOURCES,11926119,CA1363851017,ISIN,136385101,CA1363851017,NYSE,,CNQ,,,,1,,,,,2024-10-31,600,34.02,20412,28.99727875,28.99727875,17398.36725,7.93,3013.63275,Long,SUMMARY,,,,,,,
U***8402,Portfolio2,,USD,0.91883,STK,TSLA,TESLA INC,76792991,US88160R1014,ISIN,88160R101,US88160R1014,NASDAQ,,TSLA,,,,1,,,,,2024-10-31,-15,249.85,-3747.75,344.786642067,344.786642067,-5171.799631,100.00,1424.049631,Short,SUMMARY,,,,,,,
U***1429,Portfolio1,,USD,0.91883,STK,AM,ANTERO MIDSTREAM CORP,355947671,US03676B1026,ISIN,03676B102,US03676B1026,NYSE,,AM,,,,1,,,,,2024-10-31,3500,14.37,50295,6.4185,6.4185,22464.75,6.74,27830.25,Long,SUMMARY,,,,,,,
U***1429,Portfolio1,,USD,0.91883,STK,AR,ANTERO RESOURCES CORP,135942630,US03674X1063,ISIN,03674X106,US03674X1063,NYSE,,AR,,,,1,,,,,2024-10-31,600,25.88,15528,22.418976913,22.418976913,13451.386148,2.08,2076.613852,Long,SUMMARY,,,,,,,
U***1429,Portfolio1,,USD,0.91883,STK,CNQ,CANADIAN NATURAL RESOURCES,11926119,CA1363851017,ISIN,136385101,CA1363851017,NYSE,,CNQ,,,,1,,,,,2024-10-31,600,34.02,20412,11.81,11.81,7086,2.74,13326,Long,SUMMARY,,,,,,,
