ClientAccountID,AccountAlias,Model,CurrencyPrimary,FXRateToBase,AssetClass,Symbol,Description,Conid,SecurityID,SecurityIDType,CUSIP,ISIN,ListingExchange,UnderlyingConid,UnderlyingSymbol,UnderlyingSecurityID,UnderlyingListingExchange,Issuer,Multiplier,Strike,Expiry,Put/Call,PrincipalAdjustFactor,ReportDate,Quantity,MarkPrice,PositionValue,OpenPrice,CostBasisPrice,CostBasisMoney,PercentOfNAV,FifoPnlUnrealized,Side,LevelOfDetail,OpenDateTime,HoldingPeriodDateTime,VestingDate,Code,OriginatingOrderID,OriginatingTransactionID,AccruedInterest
U***8402,Portfolio2,,USD,0.96498,STK,AM,ANTERO MIDSTREAM CORP,355947671,US03676B1026,ISIN,03676B102,US03676B1026,NYSE,,AM,,,,1,,,,,2024-12-19,3500,14.53,50855,0.955959657,0.955959657,3345.858799,19.92,47509.141201,Long,SUMMARY,,,,,,,
U***8402,Portfolio2,,USD,0.96498,STK,CNQ,CANADIAN NATURAL RESOURCES,11926119,CA1363851017,ISIN,136385101,CA1363851017,NYSE,,CNQ,,,,1,,,,,2024-12-19,500,29.51,14755,28.75377035,28.75377035,14376.885175,5.78,378.114825,Long,SUMMARY,,,,,,,
U***8402,Portfolio2,,USD,0.96498,STK,TSLA,TESLA INC,76792991,US88160R1014,ISIN,88160R101,US88160R1014,NASDAQ,,TSLA,,,,1,,,,,2024-12-19,-15,436.17,-6542.55,344.786642067,344.786642067,-5171.799631,100.00,-1370.750369,Short,SUMMARY,,,,,,,
U***1429,Portfolio1,,USD,0.96498,STK,AM,ANTERO MIDSTREAM CORP,355947671,US03676B1026,ISIN,03676B102,US03676B1026,NYSE,,AM,,,,1,,,,,2024-12-19,3500,14.53,50855,6.4185,6.4185,22464.75,6.79,28390.25,Long,SUMMARY,,,,,,,
U***1429,Portfolio1,,USD,0.96498,STK,AR,ANTERO RESOURCES CORP,135942630,US03674X1063,ISIN,03674X106,US03674X1063,NYSE,,AR,,,,1,,,,,2024-12-19,500,30.86,15430,22.418976914,22.418976914,11209.488457,2.06,4220.511543,Long,SUMMARY,,,,,,,
U***1429,Portfolio1,,USD,0.96498,STK,CNQ,CANADIAN NATURAL RESOURCES,11926119,CA1363851017,ISIN,136385101,CA1363851017,NYSE,,CNQ,,,,1,,,,,2024-12-19,500,29.51,14755,11.81,11.81,5905,1.97,8850,Long,SUMMARY,,,,,,,
