ClientAccountID,AccountAlias,Model,CurrencyPrimary,FXRateToBase,AssetClass,Symbol,Description,Conid,SecurityID,SecurityIDType,CUSIP,ISIN,ListingExchange,UnderlyingConid,UnderlyingSymbol,UnderlyingSecurityID,UnderlyingListingExchange,Issuer,Multiplier,Strike,Expiry,Put/Call,PrincipalAdjustFactor,ReportDate,Quantity,MarkPrice,PositionValue,OpenPrice,CostBasisPrice,CostBasisMoney,PercentOfNAV,FifoPnlUnrealized,Side,LevelOfDetail,OpenDateTime,HoldingPeriodDateTime,VestingDate,Code,OriginatingOrderID,OriginatingTransactionID,AccruedInterest
U***8402,Portfolio2,,USD,0.89405,STK,AM,ANTERO MIDSTREAM CORP,355947671,US03676B1026,ISIN,03676B102,US03676B1026,NYSE,,AM,,,,1,,,,,2025-05-15,3500,18.85,65975,0.427349009,0.427349009,1495.721533,27.64,64479.278467,Long,SUMMARY,,,,,,,
U***8402,Portfolio2,,USD,0.89405,STK,CNQ,CANADIAN NATURAL RESOURCES,11926119,CA1363851017,ISIN,136385101,CA1363851017,NYSE,,CNQ,,,,1,,,,,2025-05-15,500,30.9,15450,28.75377035,28.75377035,14376.885175,6.47,1073.114825,Long,SUMMARY,,,,,,,
U***8402,Portfolio2,,USD,0.89405,STK,TSLA,TESLA INC,76792991,US88160R1014,ISIN,88160R101,US88160R1014,NASDAQ,,TSLA,,,,1,,,,,2025-05-15,-15,342.82,-5142.3,344.786642067,344.786642067,-5171.799631,100.00,29.499631,Short,SUMMARY,,,,,,,
U***1429,Portfolio1,,USD,0.89405,STK,AM,ANTERO MIDSTREAM CORP,355947671,US03676B1026,ISIN,03676B102,US03676B1026,NYSE,,AM,,,,1,,,,,2025-05-15,3500,18.85,65975,5.7705,5.7705,20196.75,9.29,45778.25,Long,SUMMARY,,,,,,,
U***1429,Portfolio1,,USD,0.89405,STK,CNQ,CANADIAN NATURAL RESOURCES,11926119,CA1363851017,ISIN,136385101,CA1363851017,NYSE,,CNQ,,,,1,,,,,2025-05-15,500,30.9,15450,11.81,11.81,5905,2.18,9545,Long,SUMMARY,,,,,,,
