ClientAccountID,AccountAlias,Model,CurrencyPrimary,FXRateToBase,AssetClass,Symbol,Description,Conid,SecurityID,SecurityIDType,CUSIP,ISIN,ListingExchange,UnderlyingConid,UnderlyingSymbol,UnderlyingSecurityID,UnderlyingListingExchange,Issuer,Multiplier,Strike,Expiry,Put/Call,PrincipalAdjustFactor,ReportDate,Quantity,MarkPrice,PositionValue,OpenPrice,CostBasisPrice,CostBasisMoney,PercentOfNAV,FifoPnlUnrealized,Side,LevelOfDetail,OpenDateTime,HoldingPeriodDateTime,VestingDate,Code,OriginatingOrderID,OriginatingTransactionID,AccruedInterest
U***8402,Portfolio2,,USD,0.88379,STK,AM,ANTERO MIDSTREAM CORP,355947671,US03676B1026,ISIN,03676B102,US03676B1026,NYSE,,AM,,,,1,,,,,2025-05-05,3500,17.56,61460,0.427349009,0.427349009,1495.721533,27.10,59964.278467,Long,SUMMARY,,,,,,,
U***8402,Portfolio2,,USD,0.88379,STK,CNQ,CANADIAN NATURAL RESOURCES,11926119,CA1363851017,ISIN,136385101,CA1363851017,NYSE,,CNQ,,,,1,,,,,2025-05-05,500,28.01,14005,28.75377035,28.75377035,14376.885175,6.18,-371.885175,Long,SUMMARY,,,,,,,
U***8402,Portfolio2,,USD,0.88379,STK,TSLA,TESLA INC,76792991,US88160R1014,ISIN,88160R101,US88160R1014,NASDAQ,,TSLA,,,,1,,,,,2025-05-05,-15,280.26,-4203.9,344.786642067,344.786642067,-5171.799631,100.00,967.899631,Short,SUMMARY,,,,,,,
U***1429,Portfolio1,,USD,0.88379,STK,AM,ANTERO MIDSTREAM CORP,355947671,US03676B1026,ISIN,03676B102,US03676B1026,NYSE,,AM,,,,1,,,,,2025-05-05,3500,17.56,61460,5.7705,5.7705,20196.75,8.79,41263.25,Long,SUMMARY,,,,,,,
U***1429,Portfolio1,,USD,0.88379,STK,CNQ,CANADIAN NATURAL RESOURCES,11926119,CA1363851017,ISIN,136385101,CA1363851017,NYSE,,CNQ,,,,1,,,,,2025-05-05,500,28.01,14005,11.81,11.81,5905,2.00,8100,Long,SUMMARY,,,,,,,
