ClientAccountID,AccountAlias,Model,CurrencyPrimary,FXRateToBase,AssetClass,Symbol,Description,Conid,SecurityID,SecurityIDType,CUSIP,ISIN,ListingExchange,UnderlyingConid,UnderlyingSymbol,UnderlyingSecurityID,UnderlyingListingExchange,Issuer,Multiplier,Strike,Expiry,Put/Call,PrincipalAdjustFactor,ReportDate,Quantity,MarkPrice,PositionValue,OpenPrice,CostBasisPrice,CostBasisMoney,PercentOfNAV,FifoPnlUnrealized,Side,LevelOfDetail,OpenDateTime,HoldingPeriodDateTime,VestingDate,Code,OriginatingOrderID,OriginatingTransactionID,AccruedInterest
U***8402,Portfolio2,,USD,0.89942,STK,AM,ANTERO MIDSTREAM CORP,355947671,US03676B1026,ISIN,03676B102,US03676B1026,NYSE,,,,,,1,,,,,2024-09-18,3900,14.98,58422,1.017371314,1.017371314,3967.748124,20.98,54454.251876,Long,SUMMARY,,,,,,,
U***8402,Portfolio2,,USD,0.89942,STK,AR,ANTERO RESOURCES CORP,135942630,US03674X1063,ISIN,03674X106,US03674X1063,NYSE,,,,,,1,,,,,2024-09-18,200,26.65,5330,20.5535665,20.5535665,4110.7133,1.91,1219.2867,Long,SUMMARY,,,,,,,
U***8402,Portfolio2,,USD,0.89942,STK,CNQ,CANADIAN NATURAL RESOURCES,11926119,CA1363851017,ISIN,136385101,CA1363851017,NYSE,,,,,,1,,,,,2024-09-18,600,32.86,19716,28.99727875,28.99727875,17398.36725,7.08,2317.63275,Long,SUMMARY,,,,,,,
U***8402,Portfolio2,,USD,0.89942,STK,TSLA,TESLA INC,76792991,US88160R1014,ISIN,88160R101,US88160R1014,NASDAQ,,,,,,1,,,,,2024-09-18,-15,227.2,-3408,344.786642067,344.786642067,-5171.799631,100.00,1763.799631,Short,SUMMARY,,,,,,,
U***1429,Portfolio1,,USD,0.89942,STK,AM,ANTERO MIDSTREAM CORP,355947671,US03676B1026,ISIN,03676B102,US03676B1026,NYSE,,,,,,1,,,,,2024-09-18,3500,14.98,52430,6.4185,6.4185,22464.75,7.21,29965.25,Long,SUMMARY,,,,,,,
U***1429,Portfolio1,,USD,0.89942,STK,AR,ANTERO RESOURCES CORP,135942630,US03674X1063,ISIN,03674X106,US03674X1063,NYSE,,,,,,1,,,,,2024-09-18,600,26.65,15990,22.418976913,22.418976913,13451.386148,2.20,2538.613852,Long,SUMMARY,,,,,,,
U***1429,Portfolio1,,USD,0.89942,STK,CNQ,CANADIAN NATURAL RESOURCES,11926119,CA1363851017,ISIN,136385101,CA1363851017,NYSE,,,,,,1,,,,,2024-09-18,600,32.86,19716,11.81,11.81,7086,2.71,12630,Long,SUMMARY,,,,,,,
