ClientAccountID,AccountAlias,Model,CurrencyPrimary,FXRateToBase,AssetClass,Symbol,Description,Conid,SecurityID,SecurityIDType,CUSIP,ISIN,ListingExchange,UnderlyingConid,UnderlyingSymbol,UnderlyingSecurityID,UnderlyingListingExchange,Issuer,Multiplier,Strike,Expiry,Put/Call,PrincipalAdjustFactor,ReportDate,Quantity,MarkPrice,PositionValue,OpenPrice,CostBasisPrice,CostBasisMoney,PercentOfNAV,FifoPnlUnrealized,Side,LevelOfDetail,OpenDateTime,HoldingPeriodDateTime,VestingDate,Code,OriginatingOrderID,OriginatingTransactionID,AccruedInterest
U***8402,Portfolio2,,USD,0.9435,STK,AM,ANTERO MIDSTREAM CORP,355947671,US03676B1026,ISIN,03676B102,US03676B1026,NYSE,,AM,,,,1,,,,,2024-11-18,3500,15.48,54180,0.955959657,0.955959657,3345.858799,20.77,50834.141201,Long,SUMMARY,,,,,,,
U***8402,Portfolio2,,USD,0.9435,STK,CNQ,CANADIAN NATURAL RESOURCES,11926119,CA1363851017,ISIN,136385101,CA1363851017,NYSE,,CNQ,,,,1,,,,,2024-11-18,500,33.66,16830,28.75377035,28.75377035,14376.885175,6.45,2453.114825,Long,SUMMARY,,,,,,,
U***8402,Portfolio2,,USD,0.9435,STK,TSLA,TESLA INC,76792991,US88160R1014,ISIN,88160R101,US88160R1014,NASDAQ,,TSLA,,,,1,,,,,2024-11-18,-15,338.74,-5081.1,344.786642067,344.786642067,-5171.799631,100.00,90.699631,Short,SUMMARY,,,,,,,
U***1429,Portfolio1,,USD,0.9435,STK,AM,ANTERO MIDSTREAM CORP,355947671,US03676B1026,ISIN,03676B102,US03676B1026,NYSE,,AM,,,,1,,,,,2024-11-18,3500,15.48,54180,6.4185,6.4185,22464.75,7.33,31715.25,Long,SUMMARY,,,,,,,
U***1429,Portfolio1,,USD,0.9435,STK,AR,ANTERO RESOURCES CORP,135942630,US03674X1063,ISIN,03674X106,US03674X1063,NYSE,,AR,,,,1,,,,,2024-11-18,500,31.95,15975,22.418976914,22.418976914,11209.488457,2.16,4765.511543,Long,SUMMARY,,,,,,,
U***1429,Portfolio1,,USD,0.9435,STK,CNQ,CANADIAN NATURAL RESOURCES,11926119,CA1363851017,ISIN,136385101,CA1363851017,NYSE,,CNQ,,,,1,,,,,2024-11-18,500,33.66,16830,11.81,11.81,5905,2.28,10925,Long,SUMMARY,,,,,,,
