ClientAccountID,AccountAlias,Model,CurrencyPrimary,FXRateToBase,AssetClass,Symbol,Description,Conid,SecurityID,SecurityIDType,CUSIP,ISIN,ListingExchange,UnderlyingConid,UnderlyingSymbol,UnderlyingSecurityID,UnderlyingListingExchange,Issuer,Multiplier,Strike,Expiry,Put/Call,PrincipalAdjustFactor,ReportDate,Quantity,MarkPrice,PositionValue,OpenPrice,CostBasisPrice,CostBasisMoney,PercentOfNAV,FifoPnlUnrealized,Side,LevelOfDetail,OpenDateTime,HoldingPeriodDateTime,VestingDate,Code,OriginatingOrderID,OriginatingTransactionID,AccruedInterest
U***8402,Portfolio2,,USD,0.89473,STK,AM,ANTERO MIDSTREAM CORP,355947671,US03676B1026,ISIN,03676B102,US03676B1026,NYSE,,AM,,,,1,,,,,2024-09-26,3900,15.02,58578,1.017371314,1.017371314,3967.748124,21.52,54610.251876,Long,SUMMARY,,,,,,,
U***8402,Portfolio2,,USD,0.89473,STK,AR,ANTERO RESOURCES CORP,135942630,US03674X1063,ISIN,03674X106,US03674X1063,NYSE,,AR,,,,1,,,,,2024-09-26,200,27.71,5542,20.5535665,20.5535665,4110.7133,2.04,1431.2867,Long,SUMMARY,,,,,,,
U***8402,Portfolio2,,USD,0.89473,STK,CNQ,CANADIAN NATURAL RESOURCES,11926119,CA1363851017,ISIN,136385101,CA1363851017,NYSE,,CNQ,,,,1,,,,,2024-09-26,600,32.64,19584,28.99727875,28.99727875,17398.36725,7.20,2185.63275,Long,SUMMARY,,,,,,,
U***8402,Portfolio2,,USD,0.89473,STK,TSLA,TESLA INC,76792991,US88160R1014,ISIN,88160R101,US88160R1014,NASDAQ,,TSLA,,,,1,,,,,2024-09-26,-15,254.22,-3813.3,344.786642067,344.786642067,-5171.799631,100.00,1358.499631,Short,SUMMARY,,,,,,,
U***1429,Portfolio1,,USD,0.89473,STK,AM,ANTERO MIDSTREAM CORP,355947671,US03676B1026,ISIN,03676B102,US03676B1026,NYSE,,AM,,,,1,,,,,2024-09-26,3500,15.02,52570,6.4185,6.4185,22464.75,7.23,30105.25,Long,SUMMARY,,,,,,,
U***1429,Portfolio1,,USD,0.89473,STK,AR,ANTERO RESOURCES CORP,135942630,US03674X1063,ISIN,03674X106,US03674X1063,NYSE,,AR,,,,1,,,,,2024-09-26,600,27.71,16626,22.418976913,22.418976913,13451.386148,2.29,3174.613852,Long,SUMMARY,,,,,,,
U***1429,Portfolio1,,USD,0.89473,STK,CNQ,CANADIAN NATURAL RESOURCES,11926119,CA1363851017,ISIN,136385101,CA1363851017,NYSE,,CNQ,,,,1,,,,,2024-09-26,600,32.64,19584,11.81,11.81,7086,2.70,12498,Long,SUMMARY,,,,,,,
