ClientAccountID,AccountAlias,Model,CurrencyPrimary,FXRateToBase,AssetClass,Symbol,Description,Conid,SecurityID,SecurityIDType,CUSIP,ISIN,ListingExchange,UnderlyingConid,UnderlyingSymbol,UnderlyingSecurityID,UnderlyingListingExchange,Issuer,Multiplier,Strike,Expiry,Put/Call,PrincipalAdjustFactor,ReportDate,Quantity,MarkPrice,PositionValue,OpenPrice,CostBasisPrice,CostBasisMoney,PercentOfNAV,FifoPnlUnrealized,Side,LevelOfDetail,OpenDateTime,HoldingPeriodDateTime,VestingDate,Code,OriginatingOrderID,OriginatingTransactionID,AccruedInterest
U***8402,Portfolio2,,USD,0.96679,STK,AM,ANTERO MIDSTREAM CORP,355947671,US03676B1026,ISIN,03676B102,US03676B1026,NYSE,,AM,,,,1,,,,,2025-02-03,3500,16.14,56490,0,0,0,18.47,0,Long,SUMMARY,,,,,,,
U***8402,Portfolio2,,USD,0.96679,STK,CNQ,CANADIAN NATURAL RESOURCES,11926119,CA1363851017,ISIN,136385101,CA1363851017,NYSE,,CNQ,,,,1,,,,,2025-02-03,500,30.02,15010,0,0,0,4.91,0,Long,SUMMARY,,,,,,,
U***8402,Portfolio2,,USD,0.96679,STK,TSLA,TESLA INC,76792991,US88160R1014,ISIN,88160R101,US88160R1014,NASDAQ,,TSLA,,,,1,,,,,2025-02-03,-15,383.68,-5755.2,0,0,0,100.00,0,Short,SUMMARY,,,,,,,
U***1429,Portfolio1,,USD,0.96679,STK,AM,ANTERO MIDSTREAM CORP,355947671,US03676B1026,ISIN,03676B102,US03676B1026,NYSE,,AM,,,,1,,,,,2025-02-03,3500,16.14,56490,0,0,0,7.21,0,Long,SUMMARY,,,,,,,
U***1429,Portfolio1,,USD,0.96679,STK,AR,ANTERO RESOURCES CORP,135942630,US03674X1063,ISIN,03674X106,US03674X1063,NYSE,,AR,,,,1,,,,,2025-02-03,500,38.33,19165,0,0,0,2.45,0,Long,SUMMARY,,,,,,,
U***1429,Portfolio1,,USD,0.96679,STK,CNQ,CANADIAN NATURAL RESOURCES,11926119,CA1363851017,ISIN,136385101,CA1363851017,NYSE,,CNQ,,,,1,,,,,2025-02-03,500,30.02,15010,0,0,0,1.92,0,Long,SUMMARY,,,,,,,
