ClientAccountID,AccountAlias,Model,CurrencyPrimary,FXRateToBase,AssetClass,Symbol,Description,Conid,SecurityID,SecurityIDType,CUSIP,ISIN,ListingExchange,UnderlyingConid,UnderlyingSymbol,UnderlyingSecurityID,UnderlyingListingExchange,Issuer,Multiplier,Strike,Expiry,Put/Call,PrincipalAdjustFactor,ReportDate,Quantity,MarkPrice,PositionValue,OpenPrice,CostBasisPrice,CostBasisMoney,PercentOfNAV,FifoPnlUnrealized,Side,LevelOfDetail,OpenDateTime,HoldingPeriodDateTime,VestingDate,Code,OriginatingOrderID,OriginatingTransactionID,AccruedInterest
U***8402,Portfolio2,,USD,0.92357,STK,AM,ANTERO MIDSTREAM CORP,355947671,US03676B1026,ISIN,03676B102,US03676B1026,NYSE,,AM,,,,1,,,,,2024-10-24,3900,15,58500,1.017371314,1.017371314,3967.748124,22.12,54532.251876,Long,SUMMARY,,,,,,,
U***8402,Portfolio2,,USD,0.92357,STK,AR,ANTERO RESOURCES CORP,135942630,US03674X1063,ISIN,03674X106,US03674X1063,NYSE,,AR,,,,1,,,,,2024-10-24,200,27.69,5538,20.5535665,20.5535665,4110.7133,2.09,1427.2867,Long,SUMMARY,,,,,,,
U***8402,Portfolio2,,USD,0.92357,STK,CNQ,CANADIAN NATURAL RESOURCES,11926119,CA1363851017,ISIN,136385101,CA1363851017,NYSE,,CNQ,,,,1,,,,,2024-10-24,600,35.1,21060,28.99727875,28.99727875,17398.36725,7.96,3661.63275,Long,SUMMARY,,,,,,,
U***8402,Portfolio2,,USD,0.92357,STK,TSLA,TESLA INC,76792991,US88160R1014,ISIN,88160R101,US88160R1014,NASDAQ,,TSLA,,,,1,,,,,2024-10-24,-15,260.48,-3907.2,344.786642067,344.786642067,-5171.799631,100.00,1264.599631,Short,SUMMARY,,,,,,,
U***1429,Portfolio1,,USD,0.92357,STK,AM,ANTERO MIDSTREAM CORP,355947671,US03676B1026,ISIN,03676B102,US03676B1026,NYSE,,AM,,,,1,,,,,2024-10-24,3500,15,52500,6.4185,6.4185,22464.75,6.86,30035.25,Long,SUMMARY,,,,,,,
U***1429,Portfolio1,,USD,0.92357,STK,AR,ANTERO RESOURCES CORP,135942630,US03674X1063,ISIN,03674X106,US03674X1063,NYSE,,AR,,,,1,,,,,2024-10-24,600,27.69,16614,22.418976913,22.418976913,13451.386148,2.17,3162.613852,Long,SUMMARY,,,,,,,
U***1429,Portfolio1,,USD,0.92357,STK,CNQ,CANADIAN NATURAL RESOURCES,11926119,CA1363851017,ISIN,136385101,CA1363851017,NYSE,,CNQ,,,,1,,,,,2024-10-24,600,35.1,21060,11.81,11.81,7086,2.75,13974,Long,SUMMARY,,,,,,,
