ClientAccountID,AccountAlias,Model,CurrencyPrimary,FXRateToBase,AssetClass,Symbol,Description,Conid,SecurityID,SecurityIDType,CUSIP,ISIN,ListingExchange,UnderlyingConid,UnderlyingSymbol,UnderlyingSecurityID,UnderlyingListingExchange,Issuer,Multiplier,Strike,Expiry,Put/Call,PrincipalAdjustFactor,ReportDate,Quantity,MarkPrice,PositionValue,OpenPrice,CostBasisPrice,CostBasisMoney,PercentOfNAV,FifoPnlUnrealized,Side,LevelOfDetail,OpenDateTime,HoldingPeriodDateTime,VestingDate,Code,OriginatingOrderID,OriginatingTransactionID,AccruedInterest
U***8402,Portfolio2,,USD,0.97177,STK,AM,ANTERO MIDSTREAM CORP,355947671,US03676B1026,ISIN,03676B102,US03676B1026,NYSE,,AM,,,,1,,,,,2025-01-15,3500,16.17,56595,0.427349009,0.427349009,1495.721533,19.95,55099.278467,Long,SUMMARY,,,,,,,
U***8402,Portfolio2,,USD,0.97177,STK,CNQ,CANADIAN NATURAL RESOURCES,11926119,CA1363851017,ISIN,136385101,CA1363851017,NYSE,,CNQ,,,,1,,,,,2025-01-15,500,31.51,15755,28.75377035,28.75377035,14376.885175,5.55,1378.114825,Long,SUMMARY,,,,,,,
U***8402,Portfolio2,,USD,0.97177,STK,TSLA,TESLA INC,76792991,US88160R1014,ISIN,88160R101,US88160R1014,NASDAQ,,TSLA,,,,1,,,,,2025-01-15,-15,428.22,-6423.3,344.786642067,344.786642067,-5171.799631,100.00,-1251.500369,Short,SUMMARY,,,,,,,
U***1429,Portfolio1,,USD,0.97177,STK,AM,ANTERO MIDSTREAM CORP,355947671,US03676B1026,ISIN,03676B102,US03676B1026,NYSE,,AM,,,,1,,,,,2025-01-15,3500,16.17,56595,5.7705,5.7705,20196.75,7.66,36398.25,Long,SUMMARY,,,,,,,
U***1429,Portfolio1,,USD,0.97177,STK,AR,ANTERO RESOURCES CORP,135942630,US03674X1063,ISIN,03674X106,US03674X1063,NYSE,,AR,,,,1,,,,,2025-01-15,500,40.23,20115,22.418976914,22.418976914,11209.488457,2.72,8905.511543,Long,SUMMARY,,,,,,,
U***1429,Portfolio1,,USD,0.97177,STK,CNQ,CANADIAN NATURAL RESOURCES,11926119,CA1363851017,ISIN,136385101,CA1363851017,NYSE,,CNQ,,,,1,,,,,2025-01-15,500,31.51,15755,11.81,11.81,5905,2.13,9850,Long,SUMMARY,,,,,,,
