ClientAccountID,AccountAlias,Model,CurrencyPrimary,FXRateToBase,AssetClass,Symbol,Description,Conid,SecurityID,SecurityIDType,CUSIP,ISIN,ListingExchange,UnderlyingConid,UnderlyingSymbol,UnderlyingSecurityID,UnderlyingListingExchange,Issuer,Multiplier,Strike,Expiry,Put/Call,PrincipalAdjustFactor,ReportDate,Quantity,MarkPrice,PositionValue,OpenPrice,CostBasisPrice,CostBasisMoney,PercentOfNAV,FifoPnlUnrealized,Side,LevelOfDetail,OpenDateTime,HoldingPeriodDateTime,VestingDate,Code,OriginatingOrderID,OriginatingTransactionID,AccruedInterest
U***8402,Portfolio2,,USD,0.94106,STK,AM,ANTERO MIDSTREAM CORP,355947671,US03676B1026,ISIN,03676B102,US03676B1026,NYSE,,AM,,,,1,,,,,2025-03-04,3500,16.76,58660,0.427349009,0.427349009,1495.721533,22.15,57164.278467,Long,SUMMARY,,,,,,,
U***8402,Portfolio2,,USD,0.94106,STK,CNQ,CANADIAN NATURAL RESOURCES,11926119,CA1363851017,ISIN,136385101,CA1363851017,NYSE,,CNQ,,,,1,,,,,2025-03-04,500,26.93,13465,28.75377035,28.75377035,14376.885175,5.08,-911.885175,Long,SUMMARY,,,,,,,
U***8402,Portfolio2,,USD,0.94106,STK,TSLA,TESLA INC,76792991,US88160R1014,ISIN,88160R101,US88160R1014,NASDAQ,,TSLA,,,,1,,,,,2025-03-04,-15,272.04,-4080.6,344.786642067,344.786642067,-5171.799631,100.00,1091.199631,Short,SUMMARY,,,,,,,
U***1429,Portfolio1,,USD,0.94106,STK,AM,ANTERO MIDSTREAM CORP,355947671,US03676B1026,ISIN,03676B102,US03676B1026,NYSE,,AM,,,,1,,,,,2025-03-04,3500,16.76,58660,5.7705,5.7705,20196.75,7.42,38463.25,Long,SUMMARY,,,,,,,
U***1429,Portfolio1,,USD,0.94106,STK,AR,ANTERO RESOURCES CORP,135942630,US03674X1063,ISIN,03674X106,US03674X1063,NYSE,,AR,,,,1,,,,,2025-03-04,500,36.52,18260,22.418976914,22.418976914,11209.488457,2.31,7050.511543,Long,SUMMARY,,,,,,,
U***1429,Portfolio1,,USD,0.94106,STK,CNQ,CANADIAN NATURAL RESOURCES,11926119,CA1363851017,ISIN,136385101,CA1363851017,NYSE,,CNQ,,,,1,,,,,2025-03-04,500,26.93,13465,11.81,11.81,5905,1.70,7560,Long,SUMMARY,,,,,,,
