ClientAccountID,AccountAlias,Model,CurrencyPrimary,FXRateToBase,AssetClass,Symbol,Description,Conid,SecurityID,SecurityIDType,CUSIP,ISIN,ListingExchange,UnderlyingConid,UnderlyingSymbol,UnderlyingSecurityID,UnderlyingListingExchange,Issuer,Multiplier,Strike,Expiry,Put/Call,PrincipalAdjustFactor,Date/Time,SettleDate,Amount,Type,TradeID,Code,TransactionID,ReportDate,ClientReference
U***8402,Portfolio2,,USD,0.96246,STK,CNQ,CNQ(CA1363851017) CASH DIVIDEND USD 0.388708 PER SHARE - CA TAX,11926119,CA1363851017,ISIN,136385101,CA1363851017,NYSE,,CNQ,,,,1,,,,,2025-01-03 20:20:00,2025-01-03,-29.15,Withholding Tax,,,3500106884,2025-01-06,
U***8402,Portfolio2,,USD,0.96246,STK,CNQ,CNQ(CA1363851017) CASH DIVIDEND USD 0.388708 PER SHARE (Ordinary Dividend),11926119,CA1363851017,ISIN,136385101,CA1363851017,NYSE,,CNQ,,,,1,,,,,2025-01-03 20:20:00,2025-01-03,194.35,Dividends,,,3500106880,2025-01-06,
U***1429,Portfolio1,,USD,0.96246,STK,CNQ,CNQ(CA1363851017) CASH DIVIDEND USD 0.388708 PER SHARE - CA TAX,11926119,CA1363851017,ISIN,136385101,CA1363851017,NYSE,,CNQ,,,,1,,,,,2025-01-03 20:20:00,2025-01-03,-29.15,Withholding Tax,,,3500106918,2025-01-06,
U***1429,Portfolio1,,USD,0.96246,STK,CNQ,CNQ(CA1363851017) CASH DIVIDEND USD 0.388708 PER SHARE (Ordinary Dividend),11926119,CA1363851017,ISIN,136385101,CA1363851017,NYSE,,CNQ,,,,1,,,,,2025-01-03 20:20:00,2025-01-03,194.35,Dividends,,,3500106915,2025-01-06,
