ClientAccountID,AccountAlias,Model,CurrencyPrimary,FXRateToBase,AssetClass,Symbol,Description,Conid,SecurityID,SecurityIDType,CUSIP,ISIN,ListingExchange,UnderlyingConid,UnderlyingSymbol,UnderlyingSecurityID,UnderlyingListingExchange,Issuer,Multiplier,Strike,Expiry,Put/Call,PrincipalAdjustFactor,Date/Time,SettleDate,Amount,Type,TradeID,Code,TransactionID,ReportDate,ClientReference
U***8402,Portfolio2,,USD,0.9709,STK,AM,AM(US03676B1026) CASH DIVIDEND USD 0.225 PER SHARE - US TAX,355947671,US03676B1026,ISIN,03676B102,US03676B1026,NYSE,,AM,,,,1,,,,,2024-02-07 20:20:00,2024-02-07,131.63,Withholding Tax,,,3519921763,2025-01-09,
U***8402,Portfolio2,,USD,0.9709,STK,AM,AM(US03676B1026) CASH DIVIDEND USD 0.225 PER SHARE - US TAX,355947671,US03676B1026,ISIN,03676B102,US03676B1026,NYSE,,AM,,,,1,,,,,2024-02-07 20:20:00,2024-02-07,-36.86,Withholding Tax,,,3519921766,2025-01-09,
U***8402,Portfolio2,,USD,0.9709,STK,AM,AM(US03676B1026) CASH DIVIDEND USD 0.225 PER SHARE - US TAX,355947671,US03676B1026,ISIN,03676B102,US03676B1026,NYSE,,AM,,,,1,,,,,2024-05-08 20:20:00,2024-05-08,131.63,Withholding Tax,,,3519921767,2025-01-09,
U***8402,Portfolio2,,USD,0.9709,STK,AM,AM(US03676B1026) CASH DIVIDEND USD 0.225 PER SHARE - US TAX,355947671,US03676B1026,ISIN,03676B102,US03676B1026,NYSE,,AM,,,,1,,,,,2024-05-08 20:20:00,2024-05-08,-36.86,Withholding Tax,,,3519921770,2025-01-09,
U***8402,Portfolio2,,USD,0.9709,STK,AM,AM(US03676B1026) CASH DIVIDEND USD 0.225 PER SHARE - US TAX,355947671,US03676B1026,ISIN,03676B102,US03676B1026,NYSE,,AM,,,,1,,,,,2024-08-07 20:20:00,2024-08-07,131.63,Withholding Tax,,,3519921775,2025-01-09,
U***8402,Portfolio2,,USD,0.9709,STK,AM,AM(US03676B1026) CASH DIVIDEND USD 0.225 PER SHARE - US TAX,355947671,US03676B1026,ISIN,03676B102,US03676B1026,NYSE,,AM,,,,1,,,,,2024-08-07 20:20:00,2024-08-07,-36.86,Withholding Tax,,,3519921777,2025-01-09,
U***8402,Portfolio2,,USD,0.9709,STK,AM,AM(US03676B1026) CASH DIVIDEND USD 0.225 PER SHARE - US TAX,355947671,US03676B1026,ISIN,03676B102,US03676B1026,NYSE,,AM,,,,1,,,,,2024-11-06 20:20:00,2024-11-06,131.63,Withholding Tax,,,3519921771,2025-01-09,
U***8402,Portfolio2,,USD,0.9709,STK,AM,AM(US03676B1026) CASH DIVIDEND USD 0.225 PER SHARE - US TAX,355947671,US03676B1026,ISIN,03676B102,US03676B1026,NYSE,,AM,,,,1,,,,,2024-11-06 20:20:00,2024-11-06,-36.86,Withholding Tax,,,3519921773,2025-01-09,
U***8402,Portfolio2,,USD,0.96246,STK,CNQ,CNQ(CA1363851017) CASH DIVIDEND USD 0.388708 PER SHARE - CA TAX,11926119,CA1363851017,ISIN,136385101,CA1363851017,NYSE,,CNQ,,,,1,,,,,2025-01-03 20:20:00,2025-01-03,-29.15,Withholding Tax,,,3500106884,2025-01-06,
U***8402,Portfolio2,,USD,0.96312,STK,AM,AM(US03676B1026) CASH DIVIDEND USD 0.225 PER SHARE - US TAX,355947671,US03676B1026,ISIN,03676B102,US03676B1026,NYSE,,AM,,,,1,,,,,2025-02-12 20:20:00,2025-02-12,-118.13,Withholding Tax,,,3658333251,2025-02-12,
U***8402,Portfolio2,,USD,0.91689,STK,CNQ,CNQ(CA1363851017) CASH DIVIDEND USD 0.413265 PER SHARE - CA TAX,11926119,CA1363851017,ISIN,136385101,CA1363851017,NYSE,,CNQ,,,,1,,,,,2025-04-04 20:20:00,2025-04-04,-31,Withholding Tax,,,3897051732,2025-04-07,
U***8402,Portfolio2,,USD,0.88476,STK,AM,AM(US03676B1026) CASH DIVIDEND USD 0.225 PER SHARE - US TAX,355947671,US03676B1026,ISIN,03676B102,US03676B1026,NYSE,,AM,,,,1,,,,,2025-05-07 20:20:00,2025-05-07,-118.13,Withholding Tax,,,4032474654,2025-05-07,
U***8402,Portfolio2,,USD,0.96246,STK,CNQ,CNQ(CA1363851017) CASH DIVIDEND USD 0.388708 PER SHARE (Ordinary Dividend),11926119,CA1363851017,ISIN,136385101,CA1363851017,NYSE,,CNQ,,,,1,,,,,2025-01-03 20:20:00,2025-01-03,194.35,Dividends,,,3500106880,2025-01-06,
U***8402,Portfolio2,,USD,0.96312,STK,AM,AM(US03676B1026) CASH DIVIDEND USD 0.225 PER SHARE (Ordinary Dividend),355947671,US03676B1026,ISIN,03676B102,US03676B1026,NYSE,,AM,,,,1,,,,,2025-02-12 20:20:00,2025-02-12,787.5,Dividends,,,3658333249,2025-02-12,
U***8402,Portfolio2,,USD,0.91689,STK,CNQ,CNQ(CA1363851017) CASH DIVIDEND USD 0.413265 PER SHARE (Ordinary Dividend),11926119,CA1363851017,ISIN,136385101,CA1363851017,NYSE,,CNQ,,,,1,,,,,2025-04-04 20:20:00,2025-04-04,206.64,Dividends,,,3897051731,2025-04-07,
U***8402,Portfolio2,,USD,0.88476,STK,AM,AM(US03676B1026) CASH DIVIDEND USD 0.225 PER SHARE (Ordinary Dividend),355947671,US03676B1026,ISIN,03676B102,US03676B1026,NYSE,,AM,,,,1,,,,,2025-05-07 20:20:00,2025-05-07,787.5,Dividends,,,4032474653,2025-05-07,
U***1429,Portfolio1,,USD,0.9709,STK,AM,AM(US03676B1026) CASH DIVIDEND USD 0.225 PER SHARE - US TAX,355947671,US03676B1026,ISIN,03676B102,US03676B1026,NYSE,,AM,,,,1,,,,,2024-02-07 20:20:00,2024-02-07,118.13,Withholding Tax,,,3519900428,2025-01-09,
U***1429,Portfolio1,,USD,0.9709,STK,AM,AM(US03676B1026) CASH DIVIDEND USD 0.225 PER SHARE - US TAX,355947671,US03676B1026,ISIN,03676B102,US03676B1026,NYSE,,AM,,,,1,,,,,2024-02-07 20:20:00,2024-02-07,-33.08,Withholding Tax,,,3519900437,2025-01-09,
U***1429,Portfolio1,,USD,0.9709,STK,AM,AM(US03676B1026) CASH DIVIDEND USD 0.225 PER SHARE - US TAX,355947671,US03676B1026,ISIN,03676B102,US03676B1026,NYSE,,AM,,,,1,,,,,2024-05-08 20:20:00,2024-05-08,118.13,Withholding Tax,,,3519900442,2025-01-09,
U***1429,Portfolio1,,USD,0.9709,STK,AM,AM(US03676B1026) CASH DIVIDEND USD 0.225 PER SHARE - US TAX,355947671,US03676B1026,ISIN,03676B102,US03676B1026,NYSE,,AM,,,,1,,,,,2024-05-08 20:20:00,2024-05-08,-33.08,Withholding Tax,,,3519900447,2025-01-09,
U***1429,Portfolio1,,USD,0.9709,STK,AM,AM(US03676B1026) CASH DIVIDEND USD 0.225 PER SHARE - US TAX,355947671,US03676B1026,ISIN,03676B102,US03676B1026,NYSE,,AM,,,,1,,,,,2024-08-07 20:20:00,2024-08-07,118.13,Withholding Tax,,,3519900457,2025-01-09,
U***1429,Portfolio1,,USD,0.9709,STK,AM,AM(US03676B1026) CASH DIVIDEND USD 0.225 PER SHARE - US TAX,355947671,US03676B1026,ISIN,03676B102,US03676B1026,NYSE,,AM,,,,1,,,,,2024-08-07 20:20:00,2024-08-07,-33.08,Withholding Tax,,,3519900462,2025-01-09,
U***1429,Portfolio1,,USD,0.9709,STK,AM,AM(US03676B1026) CASH DIVIDEND USD 0.225 PER SHARE - US TAX,355947671,US03676B1026,ISIN,03676B102,US03676B1026,NYSE,,AM,,,,1,,,,,2024-11-06 20:20:00,2024-11-06,118.13,Withholding Tax,,,3519900452,2025-01-09,
U***1429,Portfolio1,,USD,0.9709,STK,AM,AM(US03676B1026) CASH DIVIDEND USD 0.225 PER SHARE - US TAX,355947671,US03676B1026,ISIN,03676B102,US03676B1026,NYSE,,AM,,,,1,,,,,2024-11-06 20:20:00,2024-11-06,-33.08,Withholding Tax,,,3519900455,2025-01-09,
U***1429,Portfolio1,,USD,0.96246,STK,CNQ,CNQ(CA1363851017) CASH DIVIDEND USD 0.388708 PER SHARE - CA TAX,11926119,CA1363851017,ISIN,136385101,CA1363851017,NYSE,,CNQ,,,,1,,,,,2025-01-03 20:20:00,2025-01-03,-29.15,Withholding Tax,,,3500106918,2025-01-06,
U***1429,Portfolio1,,USD,0.96312,STK,AM,AM(US03676B1026) CASH DIVIDEND USD 0.225 PER SHARE - US TAX,355947671,US03676B1026,ISIN,03676B102,US03676B1026,NYSE,,AM,,,,1,,,,,2025-02-12 20:20:00,2025-02-12,-118.13,Withholding Tax,,,3658333262,2025-02-12,
U***1429,Portfolio1,,USD,0.91689,STK,CNQ,CNQ(CA1363851017) CASH DIVIDEND USD 0.413265 PER SHARE - CA TAX,11926119,CA1363851017,ISIN,136385101,CA1363851017,NYSE,,CNQ,,,,1,,,,,2025-04-04 20:20:00,2025-04-04,-30.99,Withholding Tax,,,3897051755,2025-04-07,
U***1429,Portfolio1,,USD,0.88476,STK,AM,AM(US03676B1026) CASH DIVIDEND USD 0.225 PER SHARE - US TAX,355947671,US03676B1026,ISIN,03676B102,US03676B1026,NYSE,,AM,,,,1,,,,,2025-05-07 20:20:00,2025-05-07,-118.13,Withholding Tax,,,4032474651,2025-05-07,
U***1429,Portfolio1,,USD,0.96246,STK,CNQ,CNQ(CA1363851017) CASH DIVIDEND USD 0.388708 PER SHARE (Ordinary Dividend),11926119,CA1363851017,ISIN,136385101,CA1363851017,NYSE,,CNQ,,,,1,,,,,2025-01-03 20:20:00,2025-01-03,194.35,Dividends,,,3500106915,2025-01-06,
U***1429,Portfolio1,,USD,0.96312,STK,AM,AM(US03676B1026) CASH DIVIDEND USD 0.225 PER SHARE (Ordinary Dividend),355947671,US03676B1026,ISIN,03676B102,US03676B1026,NYSE,,AM,,,,1,,,,,2025-02-12 20:20:00,2025-02-12,787.5,Dividends,,,3658333261,2025-02-12,
U***1429,Portfolio1,,USD,0.91689,STK,CNQ,CNQ(CA1363851017) CASH DIVIDEND USD 0.413265 PER SHARE (Ordinary Dividend),11926119,CA1363851017,ISIN,136385101,CA1363851017,NYSE,,CNQ,,,,1,,,,,2025-04-04 20:20:00,2025-04-04,206.63,Dividends,,,3897051754,2025-04-07,
U***1429,Portfolio1,,USD,0.88476,STK,AM,AM(US03676B1026) CASH DIVIDEND USD 0.225 PER SHARE (Ordinary Dividend),355947671,US03676B1026,ISIN,03676B102,US03676B1026,NYSE,,AM,,,,1,,,,,2025-05-07 20:20:00,2025-05-07,787.5,Dividends,,,4032474650,2025-05-07,
