ClientAccountID,AccountAlias,Model,CurrencyPrimary,FXRateToBase,AssetClass,Symbol,Description,Conid,SecurityID,SecurityIDType,CUSIP,ISIN,ListingExchange,UnderlyingConid,UnderlyingSymbol,UnderlyingSecurityID,UnderlyingListingExchange,Issuer,Multiplier,Strike,Expiry,Put/Call,PrincipalAdjustFactor,Date/Time,SettleDate,Amount,Type,TradeID,Code,TransactionID,ReportDate,ClientReference
U***8402,Portfolio2,,USD,0.91947,STK,AM,AM(US03676B1026) CASH DIVIDEND USD 0.225 PER SHARE - US TAX,355947671,US03676B1026,ISIN,03676B102,US03676B1026,NYSE,,,,,,1,,,,,2023-02-08 20:20:00,2023-02-08,135,Withholding Tax,,,2415837508,2024-01-16,
U***8402,Portfolio2,,USD,0.91947,STK,AM,AM(US03676B1026) CASH DIVIDEND USD 0.225 PER SHARE - US TAX,355947671,US03676B1026,ISIN,03676B102,US03676B1026,NYSE,,,,,,1,,,,,2023-02-08 20:20:00,2023-02-08,-24.3,Withholding Tax,,,2415837509,2024-01-16,
U***8402,Portfolio2,,USD,0.91947,STK,AM,AM(US03676B1026) CASH DIVIDEND USD 0.225 PER SHARE - US TAX,355947671,US03676B1026,ISIN,03676B102,US03676B1026,NYSE,,,,,,1,,,,,2023-05-10 20:20:00,2023-05-10,135,Withholding Tax,,,2415837510,2024-01-16,
U***8402,Portfolio2,,USD,0.91947,STK,AM,AM(US03676B1026) CASH DIVIDEND USD 0.225 PER SHARE - US TAX,355947671,US03676B1026,ISIN,03676B102,US03676B1026,NYSE,,,,,,1,,,,,2023-05-10 20:20:00,2023-05-10,-24.3,Withholding Tax,,,2415837511,2024-01-16,
U***8402,Portfolio2,,USD,0.91947,STK,AM,AM(US03676B1026) CASH DIVIDEND USD 0.225 PER SHARE - US TAX,355947671,US03676B1026,ISIN,03676B102,US03676B1026,NYSE,,,,,,1,,,,,2023-08-09 20:20:00,2023-08-09,131.63,Withholding Tax,,,2415837512,2024-01-16,
U***8402,Portfolio2,,USD,0.91947,STK,AM,AM(US03676B1026) CASH DIVIDEND USD 0.225 PER SHARE - US TAX,355947671,US03676B1026,ISIN,03676B102,US03676B1026,NYSE,,,,,,1,,,,,2023-08-09 20:20:00,2023-08-09,-23.69,Withholding Tax,,,2415837513,2024-01-16,
U***8402,Portfolio2,,USD,0.91947,STK,AM,AM(US03676B1026) CASH DIVIDEND USD 0.225 PER SHARE - US TAX,355947671,US03676B1026,ISIN,03676B102,US03676B1026,NYSE,,,,,,1,,,,,2023-11-08 20:20:00,2023-11-08,131.63,Withholding Tax,,,2415837514,2024-01-16,
U***8402,Portfolio2,,USD,0.91947,STK,AM,AM(US03676B1026) CASH DIVIDEND USD 0.225 PER SHARE - US TAX,355947671,US03676B1026,ISIN,03676B102,US03676B1026,NYSE,,,,,,1,,,,,2023-11-08 20:20:00,2023-11-08,-23.69,Withholding Tax,,,2415837515,2024-01-16,
U***8402,Portfolio2,,USD,0.91321,STK,CNQ,CNQ(CA1363851017) CASH DIVIDEND USD 0.748854 PER SHARE - CA TAX,11926119,CA1363851017,ISIN,136385101,CA1363851017,NYSE,,,,,,1,,,,,2024-01-05 20:20:00,2024-01-05,-9.55,Withholding Tax,,,2395741346,2024-01-08,
U***8402,Portfolio2,,USD,0.92827,STK,AM,AM(US03676B1026) CASH DIVIDEND USD 0.225 PER SHARE - US TAX,355947671,US03676B1026,ISIN,03676B102,US03676B1026,NYSE,,,,,,1,,,,,2024-02-07 20:20:00,2024-02-07,-131.63,Withholding Tax,,,2473553543,2024-02-07,
U***8402,Portfolio2,,USD,0.93087,STK,CNQ,CNQ(CA1363851017) CASH DIVIDEND USD 0.771786 PER SHARE - CA TAX,11926119,CA1363851017,ISIN,136385101,CA1363851017,NYSE,,,,,,1,,,,,2024-04-05 20:20:00,2024-04-05,-29.75,Withholding Tax,,,2635631436,2024-04-10,
U***8402,Portfolio2,,USD,0.93039,STK,AM,AM(US03676B1026) CASH DIVIDEND USD 0.225 PER SHARE - US TAX,355947671,US03676B1026,ISIN,03676B102,US03676B1026,NYSE,,,,,,1,,,,,2024-05-08 20:20:00,2024-05-08,-131.63,Withholding Tax,,,2710047057,2024-05-08,
U***8402,Portfolio2,,USD,0.92382,STK,CNQ,CNQ(CA1363851017) CASH DIVIDEND USD 0.384519 PER SHARE - CA TAX,11926119,CA1363851017,ISIN,136385101,CA1363851017,NYSE,,,,,,1,,,,,2024-07-05 20:20:00,2024-07-05,-34.6,Withholding Tax,,,2871020046,2024-07-08,
U***8402,Portfolio2,,USD,0.91548,STK,AM,AM(US03676B1026) CASH DIVIDEND USD 0.225 PER SHARE - US TAX,355947671,US03676B1026,ISIN,03676B102,US03676B1026,NYSE,,,,,,1,,,,,2024-08-07 20:20:00,2024-08-07,-131.63,Withholding Tax,,,2961343769,2024-08-07,
U***8402,Portfolio2,,USD,0.91321,STK,CNQ,CNQ(CA1363851017) CASH DIVIDEND USD 0.748854 PER SHARE (Ordinary Dividend),11926119,CA1363851017,ISIN,136385101,CA1363851017,NYSE,,,,,,1,,,,,2024-01-05 20:20:00,2024-01-05,68.15,Dividends,,,2395741345,2024-01-08,
U***8402,Portfolio2,,USD,0.92827,STK,AM,AM(US03676B1026) CASH DIVIDEND USD 0.225 PER SHARE (Ordinary Dividend),355947671,US03676B1026,ISIN,03676B102,US03676B1026,NYSE,,,,,,1,,,,,2024-02-07 20:20:00,2024-02-07,877.5,Dividends,,,2473553542,2024-02-07,
U***8402,Portfolio2,,USD,0.93087,STK,CNQ,CNQ(CA1363851017) CASH DIVIDEND USD 0.771786 PER SHARE (Ordinary Dividend),11926119,CA1363851017,ISIN,136385101,CA1363851017,NYSE,,,,,,1,,,,,2024-04-05 20:20:00,2024-04-05,198.35,Dividends,,,2635631435,2024-04-10,
U***8402,Portfolio2,,USD,0.93039,STK,AM,AM(US03676B1026) CASH DIVIDEND USD 0.225 PER SHARE (Ordinary Dividend),355947671,US03676B1026,ISIN,03676B102,US03676B1026,NYSE,,,,,,1,,,,,2024-05-08 20:20:00,2024-05-08,877.5,Dividends,,,2710047055,2024-05-08,
U***8402,Portfolio2,,USD,0.92382,STK,CNQ,CNQ(CA1363851017) CASH DIVIDEND USD 0.384519 PER SHARE (Ordinary Dividend),11926119,CA1363851017,ISIN,136385101,CA1363851017,NYSE,,,,,,1,,,,,2024-07-05 20:20:00,2024-07-05,230.7,Dividends,,,2871020045,2024-07-08,
U***8402,Portfolio2,,USD,0.91548,STK,AM,AM(US03676B1026) CASH DIVIDEND USD 0.225 PER SHARE (Ordinary Dividend),355947671,US03676B1026,ISIN,03676B102,US03676B1026,NYSE,,,,,,1,,,,,2024-08-07 20:20:00,2024-08-07,877.5,Dividends,,,2961343768,2024-08-07,
U***8402,Portfolio2,,USD,0.91321,STK,CNQ,CNQ(CA1363851017) PAYMENT IN LIEU OF DIVIDEND (Ordinary Dividend),11926119,CA1363851017,ISIN,136385101,CA1363851017,NYSE,,,,,,1,,,,,2024-01-05 20:20:00,2024-01-05,156.51,Payment In Lieu Of Dividends,,,2395741342,2024-01-08,
U***8402,Portfolio2,,USD,0.93087,STK,CNQ,CNQ(CA1363851017) PAYMENT IN LIEU OF DIVIDEND (Ordinary Dividend),11926119,CA1363851017,ISIN,136385101,CA1363851017,NYSE,,,,,,1,,,,,2024-04-05 20:20:00,2024-04-05,33.19,Payment In Lieu Of Dividends,,,2635631434,2024-04-10,
U***1429,Portfolio1,,USD,0.91947,STK,AM,AM(US03676B1026) CASH DIVIDEND USD 0.225 PER SHARE - US TAX,355947671,US03676B1026,ISIN,03676B102,US03676B1026,NYSE,,,,,,1,,,,,2023-02-08 20:20:00,2023-02-08,118.13,Withholding Tax,,,2415823265,2024-01-16,
U***1429,Portfolio1,,USD,0.91947,STK,AM,AM(US03676B1026) CASH DIVIDEND USD 0.225 PER SHARE - US TAX,355947671,US03676B1026,ISIN,03676B102,US03676B1026,NYSE,,,,,,1,,,,,2023-02-08 20:20:00,2023-02-08,-21.26,Withholding Tax,,,2415823266,2024-01-16,
U***1429,Portfolio1,,USD,0.91947,STK,AM,AM(US03676B1026) CASH DIVIDEND USD 0.225 PER SHARE - US TAX,355947671,US03676B1026,ISIN,03676B102,US03676B1026,NYSE,,,,,,1,,,,,2023-05-10 20:20:00,2023-05-10,118.13,Withholding Tax,,,2415823267,2024-01-16,
U***1429,Portfolio1,,USD,0.91947,STK,AM,AM(US03676B1026) CASH DIVIDEND USD 0.225 PER SHARE - US TAX,355947671,US03676B1026,ISIN,03676B102,US03676B1026,NYSE,,,,,,1,,,,,2023-05-10 20:20:00,2023-05-10,-21.26,Withholding Tax,,,2415823268,2024-01-16,
U***1429,Portfolio1,,USD,0.91947,STK,AM,AM(US03676B1026) CASH DIVIDEND USD 0.225 PER SHARE - US TAX,355947671,US03676B1026,ISIN,03676B102,US03676B1026,NYSE,,,,,,1,,,,,2023-08-09 20:20:00,2023-08-09,118.13,Withholding Tax,,,2415823269,2024-01-16,
U***1429,Portfolio1,,USD,0.91947,STK,AM,AM(US03676B1026) CASH DIVIDEND USD 0.225 PER SHARE - US TAX,355947671,US03676B1026,ISIN,03676B102,US03676B1026,NYSE,,,,,,1,,,,,2023-08-09 20:20:00,2023-08-09,-21.26,Withholding Tax,,,2415823270,2024-01-16,
U***1429,Portfolio1,,USD,0.91947,STK,AM,AM(US03676B1026) CASH DIVIDEND USD 0.225 PER SHARE - US TAX,355947671,US03676B1026,ISIN,03676B102,US03676B1026,NYSE,,,,,,1,,,,,2023-11-08 20:20:00,2023-11-08,118.13,Withholding Tax,,,2415823271,2024-01-16,
U***1429,Portfolio1,,USD,0.91947,STK,AM,AM(US03676B1026) CASH DIVIDEND USD 0.225 PER SHARE - US TAX,355947671,US03676B1026,ISIN,03676B102,US03676B1026,NYSE,,,,,,1,,,,,2023-11-08 20:20:00,2023-11-08,-21.26,Withholding Tax,,,2415823272,2024-01-16,
U***1429,Portfolio1,,USD,0.91321,STK,CNQ,CNQ(CA1363851017) CASH DIVIDEND USD 0.748854 PER SHARE - CA TAX,11926119,CA1363851017,ISIN,136385101,CA1363851017,NYSE,,,,,,1,,,,,2024-01-05 20:20:00,2024-01-05,-18.87,Withholding Tax,,,2395741377,2024-01-08,
U***1429,Portfolio1,,USD,0.92827,STK,AM,AM(US03676B1026) CASH DIVIDEND USD 0.225 PER SHARE - US TAX,355947671,US03676B1026,ISIN,03676B102,US03676B1026,NYSE,,,,,,1,,,,,2024-02-07 20:20:00,2024-02-07,-118.13,Withholding Tax,,,2473553555,2024-02-07,
U***1429,Portfolio1,,USD,0.93087,STK,CNQ,CNQ(CA1363851017) CASH DIVIDEND USD 0.771786 PER SHARE - CA TAX,11926119,CA1363851017,ISIN,136385101,CA1363851017,NYSE,,,,,,1,,,,,2024-04-05 20:20:00,2024-04-05,-34.73,Withholding Tax,,,2635631453,2024-04-10,
U***1429,Portfolio1,,USD,0.93039,STK,AM,AM(US03676B1026) CASH DIVIDEND USD 0.225 PER SHARE - US TAX,355947671,US03676B1026,ISIN,03676B102,US03676B1026,NYSE,,,,,,1,,,,,2024-05-08 20:20:00,2024-05-08,-118.13,Withholding Tax,,,2710047081,2024-05-08,
U***1429,Portfolio1,,USD,0.92382,STK,CNQ,CNQ(CA1363851017) CASH DIVIDEND USD 0.384519 PER SHARE - CA TAX,11926119,CA1363851017,ISIN,136385101,CA1363851017,NYSE,,,,,,1,,,,,2024-07-05 20:20:00,2024-07-05,-34.6,Withholding Tax,,,2871020040,2024-07-08,
U***1429,Portfolio1,,USD,0.91548,STK,AM,AM(US03676B1026) CASH DIVIDEND USD 0.225 PER SHARE - US TAX,355947671,US03676B1026,ISIN,03676B102,US03676B1026,NYSE,,,,,,1,,,,,2024-08-07 20:20:00,2024-08-07,-118.13,Withholding Tax,,,2961343789,2024-08-07,
U***1429,Portfolio1,,USD,0.91321,STK,CNQ,CNQ(CA1363851017) CASH DIVIDEND USD 0.748854 PER SHARE (Ordinary Dividend),11926119,CA1363851017,ISIN,136385101,CA1363851017,NYSE,,,,,,1,,,,,2024-01-05 20:20:00,2024-01-05,135.54,Dividends,,,2395741376,2024-01-08,
U***1429,Portfolio1,,USD,0.92827,STK,AM,AM(US03676B1026) CASH DIVIDEND USD 0.225 PER SHARE (Ordinary Dividend),355947671,US03676B1026,ISIN,03676B102,US03676B1026,NYSE,,,,,,1,,,,,2024-02-07 20:20:00,2024-02-07,787.5,Dividends,,,2473553554,2024-02-07,
U***1429,Portfolio1,,USD,0.93087,STK,CNQ,CNQ(CA1363851017) CASH DIVIDEND USD 0.771786 PER SHARE (Ordinary Dividend),11926119,CA1363851017,ISIN,136385101,CA1363851017,NYSE,,,,,,1,,,,,2024-04-05 20:20:00,2024-04-05,231.54,Dividends,,,2635631452,2024-04-10,
U***1429,Portfolio1,,USD,0.93039,STK,AM,AM(US03676B1026) CASH DIVIDEND USD 0.225 PER SHARE (Ordinary Dividend),355947671,US03676B1026,ISIN,03676B102,US03676B1026,NYSE,,,,,,1,,,,,2024-05-08 20:20:00,2024-05-08,787.5,Dividends,,,2710047078,2024-05-08,
U***1429,Portfolio1,,USD,0.92382,STK,CNQ,CNQ(CA1363851017) CASH DIVIDEND USD 0.384519 PER SHARE (Ordinary Dividend),11926119,CA1363851017,ISIN,136385101,CA1363851017,NYSE,,,,,,1,,,,,2024-07-05 20:20:00,2024-07-05,230.7,Dividends,,,2871020039,2024-07-08,
U***1429,Portfolio1,,USD,0.91548,STK,AM,AM(US03676B1026) CASH DIVIDEND USD 0.225 PER SHARE (Ordinary Dividend),355947671,US03676B1026,ISIN,03676B102,US03676B1026,NYSE,,,,,,1,,,,,2024-08-07 20:20:00,2024-08-07,787.5,Dividends,,,2961343788,2024-08-07,
U***1429,Portfolio1,,USD,0.91321,STK,CNQ,CNQ(CA1363851017) PAYMENT IN LIEU OF DIVIDEND (Ordinary Dividend),11926119,CA1363851017,ISIN,136385101,CA1363851017,NYSE,,,,,,1,,,,,2024-01-05 20:20:00,2024-01-05,89.11,Payment In Lieu Of Dividends,,,2395741378,2024-01-08,
